Fishery,District,RACE_Code,Sex,Size_Grp,Sampfrac_Num_Crab
DS09,D16,68560,1,9,1
DS09,D16,68560,1,12,1
DS09,D16,68560,1,12,1
DS09,D16,68560,1,14,1
DS09,D16,68560,1,14,1
DS09,D16,68560,1,16,1.7
DS09,D16,68560,1,16,1.7
DS09,D16,68560,1,17,1
DS09,D16,68560,1,17,1
DS09,D16,68560,1,17,1
DS09,D16,68560,1,17,1
DS09,D16,68560,1,18,1
DS09,D16,68560,1,18,1
DS09,D16,68560,1,18,1
DS09,D16,68560,1,18,1.7
DS09,D16,68560,1,18,1
DS09,D16,68560,1,18,1
DS09,D16,68560,1,19,1
DS09,D16,68560,1,19,1
DS09,D16,68560,1,19,1
DS09,D16,68560,1,20,1
DS09,D16,68560,1,23,1
DS09,D16,68560,1,23,1
DS09,D16,68560,1,23,1
DS09,D16,68560,1,24,1
DS09,D16,68560,1,34,1
DS09,D16,68560,2,12,1
DS09,D16,68560,2,13,1
DS09,D16,68560,2,13,1
DS09,D16,68560,2,13,1
DS09,D16,68560,2,14,1
DS09,D16,68560,2,15,1
DS09,D16,68560,2,17,1.7
DS09,D16,68560,2,17,1
DS09,D16,68560,2,17,1
DS09,D16,68560,2,17,1
DS09,D16,68560,2,17,1.7
DS09,D16,68560,2,18,1
DS09,D16,68560,2,18,1
DS09,D16,68560,2,18,1.7
DS09,D16,68560,2,19,1
DS09,D16,68560,2,19,1
DS09,D16,68560,2,19,1
DS09,D16,68560,2,21,1
DS09,D16,68560,2,22,1
DS09,D16,68560,2,23,1
DS09,D16,68560,2,24,1
DS09,D16,68560,2,24,1.7
DS09,D16,68560,2,25,1
DS09,D16,68560,2,25,1
DS09,D16,68560,2,25,1
DS09,D16,68560,2,26,1
DS09,D16,68560,2,27,1
DS09,D16,68560,2,28,1
DS09,YAK,68560,1,11,1
DS09,YAK,68560,1,12,1
DS09,YAK,68560,1,12,1.6
DS09,YAK,68560,1,12,1.2
DS09,YAK,68560,1,13,1
DS09,YAK,68560,1,13,1
DS09,YAK,68560,1,13,1.2
DS09,YAK,68560,1,13,1.2
DS09,YAK,68560,1,13,1
DS09,YAK,68560,1,13,2.6
DS09,YAK,68560,1,13,1
DS09,YAK,68560,1,13,1
DS09,YAK,68560,1,13,1
DS09,YAK,68560,1,13,1
DS09,YAK,68560,1,13,1.5
DS09,YAK,68560,1,13,1
DS09,YAK,68560,1,13,1
DS09,YAK,68560,1,13,1
DS09,YAK,68560,1,13,1
DS09,YAK,68560,1,13,1.1
DS09,YAK,68560,1,13,1
DS09,YAK,68560,1,14,1
DS09,YAK,68560,1,14,1
DS09,YAK,68560,1,14,1
DS09,YAK,68560,1,14,2.4
DS09,YAK,68560,1,14,1
DS09,YAK,68560,1,14,1.4
DS09,YAK,68560,1,14,1
DS09,YAK,68560,1,14,1
DS09,YAK,68560,1,15,1
DS09,YAK,68560,1,16,1
DS09,YAK,68560,1,16,1
DS09,YAK,68560,1,16,1
DS09,YAK,68560,1,16,1.2
DS09,YAK,68560,1,16,1
DS09,YAK,68560,1,16,1
DS09,YAK,68560,1,16,1
DS09,YAK,68560,1,16,1
DS09,YAK,68560,1,17,1
DS09,YAK,68560,1,17,1
DS09,YAK,68560,1,17,8.8
DS09,YAK,68560,1,17,1
DS09,YAK,68560,1,17,1.6
DS09,YAK,68560,1,17,1.6
DS09,YAK,68560,1,17,1
DS09,YAK,68560,1,17,1
DS09,YAK,68560,1,17,1
DS09,YAK,68560,1,17,1.5
DS09,YAK,68560,1,17,2.4
DS09,YAK,68560,1,17,1
DS09,YAK,68560,1,17,1
DS09,YAK,68560,1,17,1
DS09,YAK,68560,1,17,4.9
DS09,YAK,68560,1,17,1
DS09,YAK,68560,1,17,1
DS09,YAK,68560,1,17,1
DS09,YAK,68560,1,17,1
DS09,YAK,68560,1,17,1
DS09,YAK,68560,1,17,1.2
DS09,YAK,68560,1,17,1.1
DS09,YAK,68560,1,17,1.9
DS09,YAK,68560,1,18,1
DS09,YAK,68560,1,18,5.2
DS09,YAK,68560,1,18,1
DS09,YAK,68560,1,18,1
DS09,YAK,68560,1,18,1
DS09,YAK,68560,1,18,1
DS09,YAK,68560,1,18,1
DS09,YAK,68560,1,18,1
DS09,YAK,68560,1,18,1
DS09,YAK,68560,1,18,1
DS09,YAK,68560,1,18,1
DS09,YAK,68560,1,18,1
DS09,YAK,68560,1,18,4.9
DS09,YAK,68560,1,18,1
DS09,YAK,68560,1,18,3.9
DS09,YAK,68560,1,18,1
DS09,YAK,68560,1,18,1
DS09,YAK,68560,1,18,1.2
DS09,YAK,68560,1,18,1
DS09,YAK,68560,1,18,1
DS09,YAK,68560,1,18,1.2
DS09,YAK,68560,1,18,1.2
DS09,YAK,68560,1,18,1.9
DS09,YAK,68560,1,18,1
DS09,YAK,68560,1,18,1
DS09,YAK,68560,1,18,1.9
DS09,YAK,68560,1,18,1.6
DS09,YAK,68560,1,18,1
DS09,YAK,68560,1,18,1
DS09,YAK,68560,1,18,1.4
DS09,YAK,68560,1,18,1
DS09,YAK,68560,1,18,1
DS09,YAK,68560,1,18,1.4
DS09,YAK,68560,1,18,1
DS09,YAK,68560,1,18,1
DS09,YAK,68560,1,18,1
DS09,YAK,68560,1,18,1
DS09,YAK,68560,1,18,1.2
DS09,YAK,68560,1,18,1
DS09,YAK,68560,1,18,1
DS09,YAK,68560,1,18,4.7
DS09,YAK,68560,1,19,1
DS09,YAK,68560,1,19,1
DS09,YAK,68560,1,19,2.6
DS09,YAK,68560,1,19,8.8
DS09,YAK,68560,1,19,3.7
DS09,YAK,68560,1,19,1.9
DS09,YAK,68560,1,19,1
DS09,YAK,68560,1,19,1.6
DS09,YAK,68560,1,19,1
DS09,YAK,68560,1,19,1
DS09,YAK,68560,1,19,1.2
DS09,YAK,68560,1,19,1.2
DS09,YAK,68560,1,19,1
DS09,YAK,68560,1,19,1
DS09,YAK,68560,1,19,1
DS09,YAK,68560,1,19,1.4
DS09,YAK,68560,1,19,1.1
DS09,YAK,68560,1,19,1.1
DS09,YAK,68560,1,19,1
DS09,YAK,68560,1,19,1
DS09,YAK,68560,1,19,1
DS09,YAK,68560,1,19,1
DS09,YAK,68560,1,19,2.4
DS09,YAK,68560,1,19,2.4
DS09,YAK,68560,1,19,1
DS09,YAK,68560,1,19,1
DS09,YAK,68560,1,19,1
DS09,YAK,68560,1,19,1
DS09,YAK,68560,1,19,1
DS09,YAK,68560,1,19,1
DS09,YAK,68560,1,19,1
DS09,YAK,68560,1,19,1
DS09,YAK,68560,1,19,3.9
DS09,YAK,68560,1,19,3.9
DS09,YAK,68560,1,19,1
DS09,YAK,68560,1,19,1
DS09,YAK,68560,1,19,1
DS09,YAK,68560,1,19,1
DS09,YAK,68560,1,19,5.2
DS09,YAK,68560,1,19,5.2
DS09,YAK,68560,1,19,1
DS09,YAK,68560,1,19,1.6
DS09,YAK,68560,1,19,1.6
DS09,YAK,68560,1,19,1
DS09,YAK,68560,1,20,1
DS09,YAK,68560,1,20,8.8
DS09,YAK,68560,1,20,1
DS09,YAK,68560,1,20,1
DS09,YAK,68560,1,20,1
DS09,YAK,68560,1,20,1
DS09,YAK,68560,1,20,1
DS09,YAK,68560,1,20,1
DS09,YAK,68560,1,20,1
DS09,YAK,68560,1,20,1
DS09,YAK,68560,1,20,1
DS09,YAK,68560,1,20,1
DS09,YAK,68560,1,20,1
DS09,YAK,68560,1,20,1
DS09,YAK,68560,1,20,2.4
DS09,YAK,68560,1,20,3.7
DS09,YAK,68560,1,20,3.7
DS09,YAK,68560,1,20,1
DS09,YAK,68560,1,20,1
DS09,YAK,68560,1,20,1.6
DS09,YAK,68560,1,20,1
DS09,YAK,68560,1,21,1
DS09,YAK,68560,1,22,1
DS09,YAK,68560,1,22,1
DS09,YAK,68560,1,22,1
DS09,YAK,68560,1,22,1
DS09,YAK,68560,1,22,1
DS09,YAK,68560,1,22,1
DS09,YAK,68560,1,22,1
DS09,YAK,68560,1,22,3.1
DS09,YAK,68560,1,22,4.7
DS09,YAK,68560,1,22,1
DS09,YAK,68560,1,23,1
DS09,YAK,68560,1,23,1
DS09,YAK,68560,1,23,5.2
DS09,YAK,68560,1,24,1
DS09,YAK,68560,1,24,1
DS09,YAK,68560,1,24,2.9
DS09,YAK,68560,1,24,1
DS09,YAK,68560,1,24,1
DS09,YAK,68560,1,25,2.6
DS09,YAK,68560,1,25,1
DS09,YAK,68560,1,25,1
DS09,YAK,68560,1,25,1.1
DS09,YAK,68560,1,25,3.1
DS09,YAK,68560,1,25,3.9
DS09,YAK,68560,1,25,1
DS09,YAK,68560,1,25,1
DS09,YAK,68560,1,25,1
DS09,YAK,68560,1,25,1
DS09,YAK,68560,1,25,1
DS09,YAK,68560,1,25,2.9
DS09,YAK,68560,1,25,1
DS09,YAK,68560,1,25,1
DS09,YAK,68560,1,26,1
DS09,YAK,68560,1,26,1
DS09,YAK,68560,1,26,1
DS09,YAK,68560,1,26,2.4
DS09,YAK,68560,1,26,1
DS09,YAK,68560,1,26,1
DS09,YAK,68560,1,26,1
DS09,YAK,68560,1,26,1
DS09,YAK,68560,1,26,1
DS09,YAK,68560,1,26,1
DS09,YAK,68560,1,26,4.9
DS09,YAK,68560,1,27,4.7
DS09,YAK,68560,1,27,4.9
DS09,YAK,68560,1,27,1
DS09,YAK,68560,1,27,1
DS09,YAK,68560,1,27,1.9
DS09,YAK,68560,1,27,1
DS09,YAK,68560,1,27,8.8
DS09,YAK,68560,1,27,4.7
DS09,YAK,68560,1,28,1.1
DS09,YAK,68560,1,28,8.8
DS09,YAK,68560,1,28,5.2
DS09,YAK,68560,1,28,1
DS09,YAK,68560,1,29,2.4
DS09,YAK,68560,1,29,1
DS09,YAK,68560,1,30,1
DS09,YAK,68560,1,30,1
DS09,YAK,68560,1,31,5.2
DS09,YAK,68560,1,31,1
DS09,YAK,68560,1,33,1.4
DS09,YAK,68560,1,33,4.7
DS09,YAK,68560,1,34,5.2
DS09,YAK,68560,1,34,1.4
DS09,YAK,68560,1,35,3.1
DS09,YAK,68560,1,36,2.6
DS09,YAK,68560,1,36,2.6
DS09,YAK,68560,1,36,1.4
DS09,YAK,68560,1,36,3.1
DS09,YAK,68560,1,44,4.7
DS09,YAK,68560,1,45,1
DS09,YAK,68560,1,66,1
DS09,YAK,68560,2,8,3.9
DS09,YAK,68560,2,11,1
DS09,YAK,68560,2,11,1
DS09,YAK,68560,2,12,1
DS09,YAK,68560,2,12,1
DS09,YAK,68560,2,12,3.7
DS09,YAK,68560,2,12,2.4
DS09,YAK,68560,2,12,1
DS09,YAK,68560,2,12,1
DS09,YAK,68560,2,12,2.4
DS09,YAK,68560,2,12,1.2
DS09,YAK,68560,2,12,1
DS09,YAK,68560,2,13,2.4
DS09,YAK,68560,2,13,1
DS09,YAK,68560,2,13,1
DS09,YAK,68560,2,13,1
DS09,YAK,68560,2,13,1
DS09,YAK,68560,2,13,1.9
DS09,YAK,68560,2,13,1
DS09,YAK,68560,2,13,1
DS09,YAK,68560,2,13,1
DS09,YAK,68560,2,13,1.6
DS09,YAK,68560,2,13,1
DS09,YAK,68560,2,13,1
DS09,YAK,68560,2,13,1
DS09,YAK,68560,2,13,2.4
DS09,YAK,68560,2,13,2.4
DS09,YAK,68560,2,13,1
DS09,YAK,68560,2,13,1.5
DS09,YAK,68560,2,13,1
DS09,YAK,68560,2,13,8.8
DS09,YAK,68560,2,14,1.1
DS09,YAK,68560,2,14,1
DS09,YAK,68560,2,14,1.9
DS09,YAK,68560,2,14,1
DS09,YAK,68560,2,16,1.5
DS09,YAK,68560,2,16,1
DS09,YAK,68560,2,16,1
DS09,YAK,68560,2,16,1
DS09,YAK,68560,2,16,2.6
DS09,YAK,68560,2,17,1
DS09,YAK,68560,2,17,1
DS09,YAK,68560,2,17,1
DS09,YAK,68560,2,17,1
DS09,YAK,68560,2,17,1
DS09,YAK,68560,2,17,2.4
DS09,YAK,68560,2,17,1
DS09,YAK,68560,2,17,2.9
DS09,YAK,68560,2,17,1
DS09,YAK,68560,2,17,1
DS09,YAK,68560,2,17,1
DS09,YAK,68560,2,17,1
DS09,YAK,68560,2,17,4.9
DS09,YAK,68560,2,17,2.4
DS09,YAK,68560,2,17,1.5
DS09,YAK,68560,2,17,1.2
DS09,YAK,68560,2,17,1
DS09,YAK,68560,2,17,1
DS09,YAK,68560,2,17,1.6
DS09,YAK,68560,2,17,1.5
DS09,YAK,68560,2,17,1.2
DS09,YAK,68560,2,17,1
DS09,YAK,68560,2,17,1
DS09,YAK,68560,2,17,1
DS09,YAK,68560,2,17,1
DS09,YAK,68560,2,17,1
DS09,YAK,68560,2,18,4.7
DS09,YAK,68560,2,18,3.1
DS09,YAK,68560,2,18,1
DS09,YAK,68560,2,18,1
DS09,YAK,68560,2,18,4.7
DS09,YAK,68560,2,18,8.8
DS09,YAK,68560,2,18,1.5
DS09,YAK,68560,2,18,1.2
DS09,YAK,68560,2,18,1
DS09,YAK,68560,2,18,1.5
DS09,YAK,68560,2,18,1
DS09,YAK,68560,2,18,1.2
DS09,YAK,68560,2,18,3.9
DS09,YAK,68560,2,18,1.2
DS09,YAK,68560,2,18,1
DS09,YAK,68560,2,18,1
DS09,YAK,68560,2,18,1
DS09,YAK,68560,2,18,1
DS09,YAK,68560,2,18,2.6
DS09,YAK,68560,2,18,3.9
DS09,YAK,68560,2,18,1
DS09,YAK,68560,2,18,1
DS09,YAK,68560,2,18,1.6
DS09,YAK,68560,2,18,1.6
DS09,YAK,68560,2,18,2.4
DS09,YAK,68560,2,18,1
DS09,YAK,68560,2,18,2.4
DS09,YAK,68560,2,18,1
DS09,YAK,68560,2,18,2.9
DS09,YAK,68560,2,18,1.4
DS09,YAK,68560,2,18,1
DS09,YAK,68560,2,18,1.4
DS09,YAK,68560,2,18,1
DS09,YAK,68560,2,18,1.6
DS09,YAK,68560,2,18,1
DS09,YAK,68560,2,19,1
DS09,YAK,68560,2,19,1
DS09,YAK,68560,2,19,1
DS09,YAK,68560,2,19,4.9
DS09,YAK,68560,2,19,1
DS09,YAK,68560,2,19,3.7
DS09,YAK,68560,2,19,1
DS09,YAK,68560,2,19,1
DS09,YAK,68560,2,19,1
DS09,YAK,68560,2,19,1
DS09,YAK,68560,2,19,1
DS09,YAK,68560,2,19,1
DS09,YAK,68560,2,19,1.2
DS09,YAK,68560,2,19,1.5
DS09,YAK,68560,2,19,1
DS09,YAK,68560,2,19,1.6
DS09,YAK,68560,2,19,1.6
DS09,YAK,68560,2,19,1.6
DS09,YAK,68560,2,19,1.6
DS09,YAK,68560,2,19,1
DS09,YAK,68560,2,19,1
DS09,YAK,68560,2,19,1.1
DS09,YAK,68560,2,19,1
DS09,YAK,68560,2,20,1
DS09,YAK,68560,2,20,1
DS09,YAK,68560,2,20,3.7
DS09,YAK,68560,2,20,3.7
DS09,YAK,68560,2,20,1
DS09,YAK,68560,2,20,3.1
DS09,YAK,68560,2,20,1
DS09,YAK,68560,2,20,4.9
DS09,YAK,68560,2,20,1
DS09,YAK,68560,2,20,1
DS09,YAK,68560,2,20,1
DS09,YAK,68560,2,20,1
DS09,YAK,68560,2,20,1
DS09,YAK,68560,2,20,1.5
DS09,YAK,68560,2,20,1
DS09,YAK,68560,2,20,1
DS09,YAK,68560,2,20,1
DS09,YAK,68560,2,20,1
DS09,YAK,68560,2,20,1
DS09,YAK,68560,2,20,1.2
DS09,YAK,68560,2,20,1
DS09,YAK,68560,2,20,1
DS09,YAK,68560,2,20,1
DS09,YAK,68560,2,20,8.8
DS09,YAK,68560,2,20,1
DS09,YAK,68560,2,20,1
DS09,YAK,68560,2,20,1
DS09,YAK,68560,2,21,1
DS09,YAK,68560,2,21,3.7
DS09,YAK,68560,2,21,1
DS09,YAK,68560,2,21,1
DS09,YAK,68560,2,21,1
DS09,YAK,68560,2,21,1
DS09,YAK,68560,2,21,1
DS09,YAK,68560,2,21,1
DS09,YAK,68560,2,22,1
DS09,YAK,68560,2,22,1
DS09,YAK,68560,2,22,1.9
DS09,YAK,68560,2,22,1
DS09,YAK,68560,2,22,1
DS09,YAK,68560,2,22,1
DS09,YAK,68560,2,23,1
DS09,YAK,68560,2,23,1
DS09,YAK,68560,2,23,1
DS09,YAK,68560,2,23,2.4
DS09,YAK,68560,2,23,1
DS09,YAK,68560,2,23,1
DS09,YAK,68560,2,24,3.9
DS09,YAK,68560,2,24,1.6
DS09,YAK,68560,2,24,1
DS09,YAK,68560,2,24,1
DS09,YAK,68560,2,24,1
DS09,YAK,68560,2,24,3.7
DS09,YAK,68560,2,24,1
DS09,YAK,68560,2,24,2.6
DS09,YAK,68560,2,24,1
DS09,YAK,68560,2,25,1
DS09,YAK,68560,2,25,2.9
DS09,YAK,68560,2,25,1
DS09,YAK,68560,2,25,1
DS09,YAK,68560,2,25,2.4
DS09,YAK,68560,2,25,1
DS09,YAK,68560,2,25,3.1
DS09,YAK,68560,2,26,1
DS09,YAK,68560,2,26,1
DS09,YAK,68560,2,26,1
DS09,YAK,68560,2,26,1.9
DS09,YAK,68560,2,26,5.2
DS09,YAK,68560,2,26,3.9
DS09,YAK,68560,2,26,8.8
DS09,YAK,68560,2,26,4.7
DS09,YAK,68560,2,26,8.8
DS09,YAK,68560,2,26,1
DS09,YAK,68560,2,26,1
DS09,YAK,68560,2,26,1
DS09,YAK,68560,2,26,1
DS09,YAK,68560,2,27,1
DS09,YAK,68560,2,27,2.6
DS09,YAK,68560,2,27,4.7
DS09,YAK,68560,2,27,2.9
DS09,YAK,68560,2,27,2.9
DS09,YAK,68560,2,27,2.9
DS09,YAK,68560,2,27,1.9
DS09,YAK,68560,2,27,1.6
DS09,YAK,68560,2,27,1
DS09,YAK,68560,2,27,1
DS09,YAK,68560,2,27,3.1
DS09,YAK,68560,2,27,1
DS09,YAK,68560,2,27,1
DS09,YAK,68560,2,27,1
DS09,YAK,68560,2,27,1
DS09,YAK,68560,2,28,1
DS09,YAK,68560,2,28,1
DS09,YAK,68560,2,29,1
DS09,YAK,68560,2,29,1
DS09,YAK,68560,2,31,3.7
DS09,YAK,68560,2,32,5.2
DS09,YAK,68560,2,33,5.2
DS09,YAK,68560,2,33,4.9
DS09,YAK,68560,2,33,1
DS09,YAK,68560,2,33,1
DS09,YAK,68560,2,33,1
DS09,YAK,68560,2,34,1
DS09,YAK,68560,2,34,4.9
DS09,YAK,68560,2,35,3.9
DS09,YAK,68560,2,35,2.4
DS09,YAK,68560,2,35,1.1
DS09,YAK,68560,2,36,1
DS09,YAK,68560,2,36,1
DS09,YAK,68560,2,36,2.9
DS09,YAK,68560,2,37,2.6
DS09,YAK,68560,2,37,1.2
DS09,YAK,68560,2,38,1
DS09,YAK,68560,2,39,1
DS09,YAK,68560,2,39,1
DS09,YAK,68560,2,40,1
DS09,YAK,68560,2,43,1
DS09,YAK,68560,2,45,1.4
DS09,YAK,68560,2,45,1
DS09,YAK,68560,2,49,2.4
DS09,YAK,68560,2,57,1
ES09,EKI,68560,1,20,1
ES09,EKI,68560,2,20,1
ES09,EKI,68560,2,21,1
ES09,WKI,68560,1,12,1
ES09,WKI,68560,1,12,1
ES09,WKI,68560,1,12,1
ES09,WKI,68560,1,16,1.4
ES09,WKI,68560,1,17,1
ES09,WKI,68560,1,17,1
ES09,WKI,68560,1,17,1
ES09,WKI,68560,1,17,1.4
ES09,WKI,68560,1,18,1
ES09,WKI,68560,1,18,1
ES09,WKI,68560,1,18,1.4
ES09,WKI,68560,1,18,1.4
ES09,WKI,68560,1,18,1.4
ES09,WKI,68560,1,18,1
ES09,WKI,68560,1,18,1
ES09,WKI,68560,1,18,1
ES09,WKI,68560,1,18,1.4
ES09,WKI,68560,1,20,1
ES09,WKI,68560,1,21,1
ES09,WKI,68560,1,25,1
ES09,WKI,68560,1,36,1
ES09,WKI,68560,2,12,1.4
ES09,WKI,68560,2,13,1.4
ES09,WKI,68560,2,16,1.4
ES09,WKI,68560,2,18,1
ES09,WKI,68560,2,19,1
ES09,WKI,68560,2,26,1.4
KS09,KNE,68560,1,13,1.8
KS09,KNE,68560,1,14,1.2
KS09,KNE,68560,1,15,4
KS09,KNE,68560,1,15,7.4
KS09,KNE,68560,1,15,1
KS09,KNE,68560,1,15,4
KS09,KNE,68560,1,16,7.4
KS09,KNE,68560,1,16,14.9
KS09,KNE,68560,1,16,1.6
KS09,KNE,68560,1,17,1
KS09,KNE,68560,1,17,8.4
KS09,KNE,68560,1,17,7.4
KS09,KNE,68560,1,20,1.3
KS09,KNE,68560,1,20,1.8
KS09,KNE,68560,1,21,3.7
KS09,KNE,68560,1,21,2.2
KS09,KNE,68560,1,22,12.9
KS09,KNE,68560,1,22,5.8
KS09,KNE,68560,1,22,4
KS09,KNE,68560,1,22,1
KS09,KNE,68560,1,22,7.4
KS09,KNE,68560,1,22,2.8
KS09,KNE,68560,1,22,14.5
KS09,KNE,68560,1,22,4.8
KS09,KNE,68560,1,23,1.3
KS09,KNE,68560,1,23,1.4
KS09,KNE,68560,1,23,14.5
KS09,KNE,68560,1,23,12.9
KS09,KNE,68560,1,23,1.1
KS09,KNE,68560,1,23,1.3
KS09,KNE,68560,1,23,1
KS09,KNE,68560,1,23,2.2
KS09,KNE,68560,1,24,1
KS09,KNE,68560,1,24,1.4
KS09,KNE,68560,1,24,1.3
KS09,KNE,68560,1,24,4
KS09,KNE,68560,1,25,1.8
KS09,KNE,68560,1,25,1.1
KS09,KNE,68560,1,25,2.2
KS09,KNE,68560,1,25,1.3
KS09,KNE,68560,1,25,9.7
KS09,KNE,68560,1,26,24.5
KS09,KNE,68560,1,26,2.8
KS09,KNE,68560,1,26,6.7
KS09,KNE,68560,1,27,1.6
KS09,KNE,68560,1,27,3.1
KS09,KNE,68560,1,27,11.4
KS09,KNE,68560,1,27,1.6
KS09,KNE,68560,1,28,1.3
KS09,KNE,68560,1,28,2
KS09,KNE,68560,1,28,24.5
KS09,KNE,68560,1,28,1.3
KS09,KNE,68560,1,28,1
KS09,KNE,68560,1,29,4.6
KS09,KNE,68560,1,30,1
KS09,KNE,68560,1,30,1.3
KS09,KNE,68560,1,30,3.7
KS09,KNE,68560,1,30,1.1
KS09,KNE,68560,1,30,1
KS09,KNE,68560,1,30,1.3
KS09,KNE,68560,1,30,1
KS09,KNE,68560,1,31,1.3
KS09,KNE,68560,1,31,1.6
KS09,KNE,68560,1,31,1.6
KS09,KNE,68560,1,31,2.2
KS09,KNE,68560,1,31,1.8
KS09,KNE,68560,1,32,7.6
KS09,KNE,68560,1,32,8
KS09,KNE,68560,1,33,20.1
KS09,KNE,68560,1,33,3.1
KS09,KNE,68560,1,33,29.9
KS09,KNE,68560,1,33,3.9
KS09,KNE,68560,1,33,2.5
KS09,KNE,68560,1,33,2.5
KS09,KNE,68560,1,34,3.9
KS09,KNE,68560,1,34,4.6
KS09,KNE,68560,1,34,3.1
KS09,KNE,68560,1,35,3.1
KS09,KNE,68560,1,35,8.6
KS09,KNE,68560,1,35,2.2
KS09,KNE,68560,1,35,11.4
KS09,KNE,68560,1,35,7.6
KS09,KNE,68560,1,36,4.6
KS09,KNE,68560,1,36,6.7
KS09,KNE,68560,1,36,7.4
KS09,KNE,68560,1,36,9.7
KS09,KNE,68560,1,36,2.5
KS09,KNE,68560,1,36,1
KS09,KNE,68560,1,36,2
KS09,KNE,68560,1,36,5.5
KS09,KNE,68560,1,36,29.9
KS09,KNE,68560,1,37,3.9
KS09,KNE,68560,1,37,5.5
KS09,KNE,68560,1,37,8
KS09,KNE,68560,1,37,2.2
KS09,KNE,68560,1,37,2.8
KS09,KNE,68560,1,38,6.7
KS09,KNE,68560,1,38,8.6
KS09,KNE,68560,1,38,2
KS09,KNE,68560,1,38,4.6
KS09,KNE,68560,1,39,3.4
KS09,KNE,68560,1,39,1.3
KS09,KNE,68560,1,39,11.4
KS09,KNE,68560,1,39,1.6
KS09,KNE,68560,1,40,6.7
KS09,KNE,68560,1,40,19.2
KS09,KNE,68560,1,40,31.7
KS09,KNE,68560,1,40,3.1
KS09,KNE,68560,1,41,1
KS09,KNE,68560,1,41,15.6
KS09,KNE,68560,1,41,2.5
KS09,KNE,68560,1,42,7.6
KS09,KNE,68560,1,42,5.5
KS09,KNE,68560,1,42,1.6
KS09,KNE,68560,1,42,1
KS09,KNE,68560,1,42,1
KS09,KNE,68560,1,42,1
KS09,KNE,68560,1,43,8.4
KS09,KNE,68560,1,43,2.8
KS09,KNE,68560,1,43,1
KS09,KNE,68560,1,43,15.6
KS09,KNE,68560,1,43,29.9
KS09,KNE,68560,1,44,7.4
KS09,KNE,68560,1,44,4.9
KS09,KNE,68560,1,44,1
KS09,KNE,68560,1,44,14.5
KS09,KNE,68560,1,45,3.7
KS09,KNE,68560,1,45,2.5
KS09,KNE,68560,1,45,14.5
KS09,KNE,68560,1,45,1
KS09,KNE,68560,1,45,19.2
KS09,KNE,68560,1,46,7.6
KS09,KNE,68560,1,46,2.5
KS09,KNE,68560,1,46,8
KS09,KNE,68560,1,46,31.7
KS09,KNE,68560,1,47,24.5
KS09,KNE,68560,1,47,14.5
KS09,KNE,68560,1,47,2
KS09,KNE,68560,1,47,3.7
KS09,KNE,68560,1,47,31.7
KS09,KNE,68560,1,47,1.1
KS09,KNE,68560,1,47,1.8
KS09,KNE,68560,1,47,3.4
KS09,KNE,68560,1,48,9.7
KS09,KNE,68560,1,48,1
KS09,KNE,68560,1,48,3.2
KS09,KNE,68560,1,49,3.2
KS09,KNE,68560,1,49,6.7
KS09,KNE,68560,1,49,8.4
KS09,KNE,68560,1,49,1
KS09,KNE,68560,1,49,11.4
KS09,KNE,68560,1,50,15.6
KS09,KNE,68560,1,50,1
KS09,KNE,68560,1,50,3.3
KS09,KNE,68560,1,50,1.8
KS09,KNE,68560,1,50,8.4
KS09,KNE,68560,1,50,1
KS09,KNE,68560,1,51,2.8
KS09,KNE,68560,1,51,20.1
KS09,KNE,68560,1,51,14.5
KS09,KNE,68560,1,52,1.8
KS09,KNE,68560,1,53,31.7
KS09,KNE,68560,1,53,1.1
KS09,KNE,68560,1,53,1
KS09,KNE,68560,1,54,15.6
KS09,KNE,68560,1,55,3.2
KS09,KNE,68560,1,55,1
KS09,KNE,68560,1,56,2.5
KS09,KNE,68560,1,56,12.9
KS09,KNE,68560,1,56,8.4
KS09,KNE,68560,1,56,2.5
KS09,KNE,68560,1,56,4.9
KS09,KNE,68560,1,57,1
KS09,KNE,68560,1,57,1.3
KS09,KNE,68560,1,57,1.3
KS09,KNE,68560,1,57,1
KS09,KNE,68560,1,58,1
KS09,KNE,68560,1,58,1
KS09,KNE,68560,1,58,1
KS09,KNE,68560,1,58,3.3
KS09,KNE,68560,1,60,1.7
KS09,KNE,68560,1,60,1.3
KS09,KNE,68560,1,61,1
KS09,KNE,68560,1,61,1.3
KS09,KNE,68560,1,61,1
KS09,KNE,68560,1,61,3.3
KS09,KNE,68560,1,61,1
KS09,KNE,68560,1,61,1
KS09,KNE,68560,1,61,1.1
KS09,KNE,68560,1,61,3.2
KS09,KNE,68560,1,62,4.9
KS09,KNE,68560,1,62,3.4
KS09,KNE,68560,1,63,1
KS09,KNE,68560,1,63,1
KS09,KNE,68560,1,63,9.7
KS09,KNE,68560,1,63,1
KS09,KNE,68560,1,63,9.7
KS09,KNE,68560,1,63,1
KS09,KNE,68560,1,64,2.2
KS09,KNE,68560,1,64,8
KS09,KNE,68560,1,64,4.9
KS09,KNE,68560,1,64,3.3
KS09,KNE,68560,1,65,1
KS09,KNE,68560,1,65,1
KS09,KNE,68560,1,65,1.7
KS09,KNE,68560,1,66,12.9
KS09,KNE,68560,1,66,1
KS09,KNE,68560,1,66,8.4
KS09,KNE,68560,1,66,3.4
KS09,KNE,68560,1,67,1
KS09,KNE,68560,1,67,1
KS09,KNE,68560,1,67,1.3
KS09,KNE,68560,1,68,3.3
KS09,KNE,68560,1,68,1.3
KS09,KNE,68560,1,68,24.5
KS09,KNE,68560,1,69,3.4
KS09,KNE,68560,1,69,2.5
KS09,KNE,68560,1,69,2
KS09,KNE,68560,1,70,2.8
KS09,KNE,68560,1,70,8
KS09,KNE,68560,1,70,1
KS09,KNE,68560,1,70,1.3
KS09,KNE,68560,1,71,2.5
KS09,KNE,68560,1,71,2.5
KS09,KNE,68560,1,71,1
KS09,KNE,68560,1,71,1.3
KS09,KNE,68560,1,71,1
KS09,KNE,68560,1,71,3.4
KS09,KNE,68560,1,71,1
KS09,KNE,68560,1,71,3.3
KS09,KNE,68560,1,71,2
KS09,KNE,68560,1,72,1.6
KS09,KNE,68560,1,72,2.2
KS09,KNE,68560,1,72,19.2
KS09,KNE,68560,1,72,4.8
KS09,KNE,68560,1,72,2.8
KS09,KNE,68560,1,72,1
KS09,KNE,68560,1,72,1
KS09,KNE,68560,1,72,1.6
KS09,KNE,68560,1,72,1.3
KS09,KNE,68560,1,73,1
KS09,KNE,68560,1,73,1
KS09,KNE,68560,1,73,1.6
KS09,KNE,68560,1,73,3.3
KS09,KNE,68560,1,73,1
KS09,KNE,68560,1,73,1.3
KS09,KNE,68560,1,73,1
KS09,KNE,68560,1,74,6.4
KS09,KNE,68560,1,74,1.1
KS09,KNE,68560,1,74,1
KS09,KNE,68560,1,74,1.3
KS09,KNE,68560,1,74,1
KS09,KNE,68560,1,74,24.5
KS09,KNE,68560,1,75,1.8
KS09,KNE,68560,1,75,1.3
KS09,KNE,68560,1,75,1
KS09,KNE,68560,1,75,2.2
KS09,KNE,68560,1,75,1
KS09,KNE,68560,1,76,1.1
KS09,KNE,68560,1,76,3.9
KS09,KNE,68560,1,76,29.9
KS09,KNE,68560,1,76,1
KS09,KNE,68560,1,76,1.1
KS09,KNE,68560,1,77,1.6
KS09,KNE,68560,1,77,1.3
KS09,KNE,68560,1,77,1.5
KS09,KNE,68560,1,77,1.3
KS09,KNE,68560,1,77,1.5
KS09,KNE,68560,1,78,1
KS09,KNE,68560,1,78,2.3
KS09,KNE,68560,1,78,1.5
KS09,KNE,68560,1,78,2.5
KS09,KNE,68560,1,79,1.4
KS09,KNE,68560,1,79,31.7
KS09,KNE,68560,1,79,1
KS09,KNE,68560,1,79,1
KS09,KNE,68560,1,79,1.3
KS09,KNE,68560,1,79,1
KS09,KNE,68560,1,80,1.4
KS09,KNE,68560,1,80,1
KS09,KNE,68560,1,80,1.3
KS09,KNE,68560,1,80,2.5
KS09,KNE,68560,1,80,1
KS09,KNE,68560,1,80,1.2
KS09,KNE,68560,1,81,4.9
KS09,KNE,68560,1,81,1
KS09,KNE,68560,1,81,1
KS09,KNE,68560,1,81,2.5
KS09,KNE,68560,1,81,3.3
KS09,KNE,68560,1,81,1.7
KS09,KNE,68560,1,81,1
KS09,KNE,68560,1,81,20.1
KS09,KNE,68560,1,81,1
KS09,KNE,68560,1,82,1.8
KS09,KNE,68560,1,82,1.5
KS09,KNE,68560,1,82,2.2
KS09,KNE,68560,1,82,1.4
KS09,KNE,68560,1,82,1
KS09,KNE,68560,1,82,1.2
KS09,KNE,68560,1,82,1
KS09,KNE,68560,1,82,3.3
KS09,KNE,68560,1,83,1
KS09,KNE,68560,1,83,2.5
KS09,KNE,68560,1,83,2.5
KS09,KNE,68560,1,83,1
KS09,KNE,68560,1,83,3.4
KS09,KNE,68560,1,83,1
KS09,KNE,68560,1,84,1.4
KS09,KNE,68560,1,84,29.9
KS09,KNE,68560,1,84,2.8
KS09,KNE,68560,1,84,1.2
KS09,KNE,68560,1,84,2.8
KS09,KNE,68560,1,84,1
KS09,KNE,68560,1,84,1
KS09,KNE,68560,1,84,1
KS09,KNE,68560,1,84,2
KS09,KNE,68560,1,84,1
KS09,KNE,68560,1,85,1.2
KS09,KNE,68560,1,85,20.1
KS09,KNE,68560,1,86,1.3
KS09,KNE,68560,1,86,1
KS09,KNE,68560,1,86,2.3
KS09,KNE,68560,1,86,1.3
KS09,KNE,68560,1,86,1.3
KS09,KNE,68560,1,87,1
KS09,KNE,68560,1,87,8
KS09,KNE,68560,1,87,1
KS09,KNE,68560,1,88,1
KS09,KNE,68560,1,88,5.8
KS09,KNE,68560,1,88,2.3
KS09,KNE,68560,1,88,1
KS09,KNE,68560,1,88,1
KS09,KNE,68560,1,88,1
KS09,KNE,68560,1,89,1
KS09,KNE,68560,1,89,19.2
KS09,KNE,68560,1,89,8
KS09,KNE,68560,1,89,8.6
KS09,KNE,68560,1,90,1
KS09,KNE,68560,1,90,24.5
KS09,KNE,68560,1,90,2.3
KS09,KNE,68560,1,90,1.2
KS09,KNE,68560,1,91,1.2
KS09,KNE,68560,1,91,1.3
KS09,KNE,68560,1,91,20.1
KS09,KNE,68560,1,92,1.1
KS09,KNE,68560,1,92,1.8
KS09,KNE,68560,1,94,2.8
KS09,KNE,68560,1,94,2.3
KS09,KNE,68560,1,95,2.8
KS09,KNE,68560,1,95,29.9
KS09,KNE,68560,1,95,1.2
KS09,KNE,68560,1,95,2.5
KS09,KNE,68560,1,95,2.8
KS09,KNE,68560,1,97,1
KS09,KNE,68560,1,97,1
KS09,KNE,68560,1,98,1.3
KS09,KNE,68560,1,98,1.2
KS09,KNE,68560,1,98,2.8
KS09,KNE,68560,1,99,1
KS09,KNE,68560,1,99,5.5
KS09,KNE,68560,1,100,1.4
KS09,KNE,68560,1,101,5.5
KS09,KNE,68560,1,101,1.5
KS09,KNE,68560,1,102,1
KS09,KNE,68560,1,103,1.2
KS09,KNE,68560,1,103,1
KS09,KNE,68560,1,104,2.3
KS09,KNE,68560,1,104,11.4
KS09,KNE,68560,1,105,1
KS09,KNE,68560,1,106,6.4
KS09,KNE,68560,1,106,1.2
KS09,KNE,68560,1,107,1
KS09,KNE,68560,1,108,2.3
KS09,KNE,68560,1,108,1.2
KS09,KNE,68560,1,108,1.2
KS09,KNE,68560,1,109,1.4
KS09,KNE,68560,1,111,2.2
KS09,KNE,68560,1,112,1
KS09,KNE,68560,1,112,7.4
KS09,KNE,68560,1,115,1.3
KS09,KNE,68560,1,115,1.3
KS09,KNE,68560,1,117,1
KS09,KNE,68560,1,118,2.2
KS09,KNE,68560,1,119,2.3
KS09,KNE,68560,1,121,1.3
KS09,KNE,68560,1,122,1
KS09,KNE,68560,1,122,7.4
KS09,KNE,68560,1,122,1.4
KS09,KNE,68560,1,122,1
KS09,KNE,68560,1,123,1
KS09,KNE,68560,1,123,4.8
KS09,KNE,68560,1,123,1.6
KS09,KNE,68560,1,124,1.1
KS09,KNE,68560,1,125,1.6
KS09,KNE,68560,1,125,1.3
KS09,KNE,68560,1,126,3.7
KS09,KNE,68560,1,126,2.2
KS09,KNE,68560,1,126,4.3
KS09,KNE,68560,1,128,1
KS09,KNE,68560,1,128,2.8
KS09,KNE,68560,1,129,6.4
KS09,KNE,68560,1,129,3.4
KS09,KNE,68560,1,130,6.4
KS09,KNE,68560,1,130,1
KS09,KNE,68560,1,130,4
KS09,KNE,68560,1,130,4
KS09,KNE,68560,1,131,4.3
KS09,KNE,68560,1,131,1.4
KS09,KNE,68560,1,132,1
KS09,KNE,68560,1,132,5.5
KS09,KNE,68560,1,137,4.3
KS09,KNE,68560,1,137,4.3
KS09,KNE,68560,1,137,1
KS09,KNE,68560,1,143,5.5
KS09,KNE,68560,1,151,1.2
KS09,KNE,68560,2,11,1
KS09,KNE,68560,2,15,1
KS09,KNE,68560,2,15,14.9
KS09,KNE,68560,2,15,1
KS09,KNE,68560,2,16,2.2
KS09,KNE,68560,2,16,1.3
KS09,KNE,68560,2,16,7.4
KS09,KNE,68560,2,16,14.9
KS09,KNE,68560,2,16,14.9
KS09,KNE,68560,2,16,4
KS09,KNE,68560,2,16,14.9
KS09,KNE,68560,2,16,7.4
KS09,KNE,68560,2,16,5.8
KS09,KNE,68560,2,17,4
KS09,KNE,68560,2,17,1.3
KS09,KNE,68560,2,17,1.8
KS09,KNE,68560,2,17,2.2
KS09,KNE,68560,2,17,1.3
KS09,KNE,68560,2,18,4
KS09,KNE,68560,2,18,1.4
KS09,KNE,68560,2,20,1.2
KS09,KNE,68560,2,20,12.9
KS09,KNE,68560,2,21,1.1
KS09,KNE,68560,2,22,4
KS09,KNE,68560,2,22,14.9
KS09,KNE,68560,2,22,14.9
KS09,KNE,68560,2,22,5.8
KS09,KNE,68560,2,23,4
KS09,KNE,68560,2,23,14.5
KS09,KNE,68560,2,23,1.8
KS09,KNE,68560,2,23,1
KS09,KNE,68560,2,23,1
KS09,KNE,68560,2,23,1.4
KS09,KNE,68560,2,23,1.8
KS09,KNE,68560,2,23,14.9
KS09,KNE,68560,2,23,2.2
KS09,KNE,68560,2,23,1
KS09,KNE,68560,2,24,8.6
KS09,KNE,68560,2,24,9.7
KS09,KNE,68560,2,24,9.7
KS09,KNE,68560,2,24,1.4
KS09,KNE,68560,2,24,1.4
KS09,KNE,68560,2,24,4
KS09,KNE,68560,2,24,4
KS09,KNE,68560,2,24,20.1
KS09,KNE,68560,2,24,2.2
KS09,KNE,68560,2,24,31.7
KS09,KNE,68560,2,25,1.4
KS09,KNE,68560,2,25,3.2
KS09,KNE,68560,2,25,4
KS09,KNE,68560,2,25,1.1
KS09,KNE,68560,2,26,2.2
KS09,KNE,68560,2,26,2
KS09,KNE,68560,2,26,1
KS09,KNE,68560,2,26,1
KS09,KNE,68560,2,26,15.6
KS09,KNE,68560,2,26,14.5
KS09,KNE,68560,2,26,3.9
KS09,KNE,68560,2,26,24.5
KS09,KNE,68560,2,27,1
KS09,KNE,68560,2,27,1.1
KS09,KNE,68560,2,27,6.7
KS09,KNE,68560,2,27,4.8
KS09,KNE,68560,2,27,2.2
KS09,KNE,68560,2,28,4.6
KS09,KNE,68560,2,28,19.2
KS09,KNE,68560,2,29,4.6
KS09,KNE,68560,2,29,3.1
KS09,KNE,68560,2,29,8.6
KS09,KNE,68560,2,29,1
KS09,KNE,68560,2,29,1.6
KS09,KNE,68560,2,30,15.6
KS09,KNE,68560,2,30,1.3
KS09,KNE,68560,2,31,2.5
KS09,KNE,68560,2,31,3.1
KS09,KNE,68560,2,31,14.5
KS09,KNE,68560,2,31,5.8
KS09,KNE,68560,2,31,3.7
KS09,KNE,68560,2,31,4.8
KS09,KNE,68560,2,32,31.7
KS09,KNE,68560,2,32,8
KS09,KNE,68560,2,32,4.9
KS09,KNE,68560,2,33,11.4
KS09,KNE,68560,2,33,8
KS09,KNE,68560,2,33,2
KS09,KNE,68560,2,33,12.9
KS09,KNE,68560,2,33,12.9
KS09,KNE,68560,2,33,7.6
KS09,KNE,68560,2,33,7.6
KS09,KNE,68560,2,33,7.6
KS09,KNE,68560,2,33,8.4
KS09,KNE,68560,2,33,2.8
KS09,KNE,68560,2,34,2.2
KS09,KNE,68560,2,34,29.9
KS09,KNE,68560,2,34,11.4
KS09,KNE,68560,2,34,2.2
KS09,KNE,68560,2,34,1
KS09,KNE,68560,2,34,3.9
KS09,KNE,68560,2,34,8.4
KS09,KNE,68560,2,34,19.2
KS09,KNE,68560,2,35,29.9
KS09,KNE,68560,2,35,5.5
KS09,KNE,68560,2,35,20.1
KS09,KNE,68560,2,35,3.9
KS09,KNE,68560,2,35,2.5
KS09,KNE,68560,2,35,29.9
KS09,KNE,68560,2,35,1.3
KS09,KNE,68560,2,35,11.4
KS09,KNE,68560,2,35,1
KS09,KNE,68560,2,36,7.6
KS09,KNE,68560,2,36,4
KS09,KNE,68560,2,36,19.2
KS09,KNE,68560,2,36,20.1
KS09,KNE,68560,2,36,6.4
KS09,KNE,68560,2,37,2
KS09,KNE,68560,2,37,3.1
KS09,KNE,68560,2,38,15.6
KS09,KNE,68560,2,38,1
KS09,KNE,68560,2,38,6.7
KS09,KNE,68560,2,38,20.1
KS09,KNE,68560,2,38,1.3
KS09,KNE,68560,2,39,4.6
KS09,KNE,68560,2,39,2
KS09,KNE,68560,2,39,24.5
KS09,KNE,68560,2,39,1.8
KS09,KNE,68560,2,40,2
KS09,KNE,68560,2,40,7.6
KS09,KNE,68560,2,40,1
KS09,KNE,68560,2,41,1.3
KS09,KNE,68560,2,41,1.6
KS09,KNE,68560,2,41,1
KS09,KNE,68560,2,41,3.9
KS09,KNE,68560,2,42,1.6
KS09,KNE,68560,2,42,1
KS09,KNE,68560,2,42,2.8
KS09,KNE,68560,2,42,1.1
KS09,KNE,68560,2,42,1.2
KS09,KNE,68560,2,43,6.7
KS09,KNE,68560,2,43,1.6
KS09,KNE,68560,2,43,15.6
KS09,KNE,68560,2,43,3.3
KS09,KNE,68560,2,44,2
KS09,KNE,68560,2,44,1
KS09,KNE,68560,2,44,1.7
KS09,KNE,68560,2,44,4.8
KS09,KNE,68560,2,44,1
KS09,KNE,68560,2,44,5.8
KS09,KNE,68560,2,45,1
KS09,KNE,68560,2,45,1
KS09,KNE,68560,2,45,4.9
KS09,KNE,68560,2,46,4.9
KS09,KNE,68560,2,46,1
KS09,KNE,68560,2,46,3.7
KS09,KNE,68560,2,46,6.4
KS09,KNE,68560,2,46,8.4
KS09,KNE,68560,2,46,20.1
KS09,KNE,68560,2,47,19.2
KS09,KNE,68560,2,47,3.7
KS09,KNE,68560,2,48,11.4
KS09,KNE,68560,2,48,12.9
KS09,KNE,68560,2,48,19.2
KS09,KNE,68560,2,49,3.2
KS09,KNE,68560,2,49,12.9
KS09,KNE,68560,2,49,1.6
KS09,KNE,68560,2,50,9.7
KS09,KNE,68560,2,50,1
KS09,KNE,68560,2,50,3.4
KS09,KNE,68560,2,50,8.6
KS09,KNE,68560,2,51,24.5
KS09,KNE,68560,2,51,3.4
KS09,KNE,68560,2,51,3.2
KS09,KNE,68560,2,52,1.6
KS09,KNE,68560,2,52,4.6
KS09,KNE,68560,2,52,3.3
KS09,KNE,68560,2,52,12.9
KS09,KNE,68560,2,53,2.8
KS09,KNE,68560,2,53,1
KS09,KNE,68560,2,53,3.3
KS09,KNE,68560,2,53,3.1
KS09,KNE,68560,2,53,11.4
KS09,KNE,68560,2,53,2.5
KS09,KNE,68560,2,53,2
KS09,KNE,68560,2,53,1
KS09,KNE,68560,2,54,9.7
KS09,KNE,68560,2,54,7.6
KS09,KNE,68560,2,54,2.5
KS09,KNE,68560,2,54,6.4
KS09,KNE,68560,2,55,4.8
KS09,KNE,68560,2,55,1
KS09,KNE,68560,2,55,2
KS09,KNE,68560,2,55,1
KS09,KNE,68560,2,55,2
KS09,KNE,68560,2,56,1.1
KS09,KNE,68560,2,56,1
KS09,KNE,68560,2,56,2.5
KS09,KNE,68560,2,56,24.5
KS09,KNE,68560,2,56,1
KS09,KNE,68560,2,56,1
KS09,KNE,68560,2,57,1.6
KS09,KNE,68560,2,57,1
KS09,KNE,68560,2,57,4.8
KS09,KNE,68560,2,57,1.7
KS09,KNE,68560,2,57,1
KS09,KNE,68560,2,57,29.9
KS09,KNE,68560,2,57,1
KS09,KNE,68560,2,57,1.3
KS09,KNE,68560,2,58,1
KS09,KNE,68560,2,58,1.3
KS09,KNE,68560,2,59,4.9
KS09,KNE,68560,2,59,2.5
KS09,KNE,68560,2,59,4.9
KS09,KNE,68560,2,59,1
KS09,KNE,68560,2,59,8.6
KS09,KNE,68560,2,60,1.7
KS09,KNE,68560,2,60,1.1
KS09,KNE,68560,2,60,14.5
KS09,KNE,68560,2,61,3.2
KS09,KNE,68560,2,61,9.7
KS09,KNE,68560,2,61,3.2
KS09,KNE,68560,2,61,1
KS09,KNE,68560,2,61,1
KS09,KNE,68560,2,61,1
KS09,KNE,68560,2,61,8
KS09,KNE,68560,2,61,31.7
KS09,KNE,68560,2,61,1.5
KS09,KNE,68560,2,61,3.3
KS09,KNE,68560,2,61,1.6
KS09,KNE,68560,2,61,2.8
KS09,KNE,68560,2,61,1
KS09,KNE,68560,2,62,3.2
KS09,KNE,68560,2,62,1
KS09,KNE,68560,2,62,1.3
KS09,KNE,68560,2,62,1
KS09,KNE,68560,2,62,6.4
KS09,KNE,68560,2,62,3.7
KS09,KNE,68560,2,63,1.6
KS09,KNE,68560,2,63,2.5
KS09,KNE,68560,2,63,1
KS09,KNE,68560,2,63,1
KS09,KNE,68560,2,64,1.6
KS09,KNE,68560,2,64,1.7
KS09,KNE,68560,2,64,1
KS09,KNE,68560,2,65,1
KS09,KNE,68560,2,65,8.6
KS09,KNE,68560,2,65,2.8
KS09,KNE,68560,2,65,1
KS09,KNE,68560,2,66,1.5
KS09,KNE,68560,2,66,1
KS09,KNE,68560,2,66,1.6
KS09,KNE,68560,2,66,1.3
KS09,KNE,68560,2,67,1
KS09,KNE,68560,2,67,2.2
KS09,KNE,68560,2,68,2.5
KS09,KNE,68560,2,68,1
KS09,KNE,68560,2,68,8.6
KS09,KNE,68560,2,68,1.8
KS09,KNE,68560,2,68,1
KS09,KNE,68560,2,68,1
KS09,KNE,68560,2,68,1
KS09,KNE,68560,2,69,4
KS09,KNE,68560,2,69,4.8
KS09,KNE,68560,2,69,1
KS09,KNE,68560,2,69,1.6
KS09,KNE,68560,2,70,3.9
KS09,KNE,68560,2,70,2
KS09,KNE,68560,2,70,3.3
KS09,KNE,68560,2,70,1
KS09,KNE,68560,2,71,1
KS09,KNE,68560,2,71,1.7
KS09,KNE,68560,2,71,1.6
KS09,KNE,68560,2,71,1
KS09,KNE,68560,2,71,1.5
KS09,KNE,68560,2,72,1
KS09,KNE,68560,2,72,1
KS09,KNE,68560,2,72,1
KS09,KNE,68560,2,72,2.5
KS09,KNE,68560,2,72,1.5
KS09,KNE,68560,2,72,1
KS09,KNE,68560,2,72,1
KS09,KNE,68560,2,72,3.3
KS09,KNE,68560,2,72,2.5
KS09,KNE,68560,2,73,1
KS09,KNE,68560,2,74,1.5
KS09,KNE,68560,2,74,5.8
KS09,KNE,68560,2,74,1.5
KS09,KNE,68560,2,75,2.8
KS09,KNE,68560,2,75,14.9
KS09,KNE,68560,2,75,2.3
KS09,KNE,68560,2,75,1
KS09,KNE,68560,2,75,1
KS09,KNE,68560,2,75,3.3
KS09,KNE,68560,2,76,1
KS09,KNE,68560,2,76,2.5
KS09,KNE,68560,2,76,4.6
KS09,KNE,68560,2,76,1.3
KS09,KNE,68560,2,76,1.3
KS09,KNE,68560,2,76,1.8
KS09,KNE,68560,2,76,2.3
KS09,KNE,68560,2,76,1.7
KS09,KNE,68560,2,76,2
KS09,KNE,68560,2,76,1
KS09,KNE,68560,2,77,4.3
KS09,KNE,68560,2,77,1
KS09,KNE,68560,2,77,1
KS09,KNE,68560,2,77,1
KS09,KNE,68560,2,78,2.2
KS09,KNE,68560,2,78,1.5
KS09,KNE,68560,2,78,3.3
KS09,KNE,68560,2,78,2.8
KS09,KNE,68560,2,78,4.3
KS09,KNE,68560,2,78,1
KS09,KNE,68560,2,78,6.4
KS09,KNE,68560,2,78,1
KS09,KNE,68560,2,78,1.3
KS09,KNE,68560,2,79,1.7
KS09,KNE,68560,2,79,1.1
KS09,KNE,68560,2,79,3.3
KS09,KNE,68560,2,79,1
KS09,KNE,68560,2,79,2.8
KS09,KNE,68560,2,79,1
KS09,KNE,68560,2,79,1.2
KS09,KNE,68560,2,80,2.2
KS09,KNE,68560,2,80,1.3
KS09,KNE,68560,2,80,1
KS09,KNE,68560,2,80,1
KS09,KNE,68560,2,80,1
KS09,KNE,68560,2,80,8.6
KS09,KNE,68560,2,80,4.3
KS09,KNE,68560,2,80,1.3
KS09,KNE,68560,2,80,1.8
KS09,KNE,68560,2,80,2.8
KS09,KNE,68560,2,80,4.6
KS09,KNE,68560,2,80,1
KS09,KNE,68560,2,81,1
KS09,KNE,68560,2,81,1
KS09,KNE,68560,2,81,2.2
KS09,KNE,68560,2,81,1.3
KS09,KNE,68560,2,81,2.2
KS09,KNE,68560,2,81,1.8
KS09,KNE,68560,2,81,1.3
KS09,KNE,68560,2,81,1
KS09,KNE,68560,2,82,2.5
KS09,KNE,68560,2,82,1.5
KS09,KNE,68560,2,82,1.1
KS09,KNE,68560,2,82,1
KS09,KNE,68560,2,83,1
KS09,KNE,68560,2,83,1
KS09,KNE,68560,2,83,5.5
KS09,KNE,68560,2,83,1.6
KS09,KNE,68560,2,83,3.3
KS09,KNE,68560,2,83,2.2
KS09,KNE,68560,2,83,1
KS09,KNE,68560,2,84,1
KS09,KNE,68560,2,84,1
KS09,KNE,68560,2,84,1
KS09,KNE,68560,2,84,1
KS09,KNE,68560,2,84,1
KS09,KNE,68560,2,85,1
KS09,KNE,68560,2,85,1.4
KS09,KNE,68560,2,85,4.3
KS09,KNE,68560,2,86,2.8
KS09,KNE,68560,2,86,3.3
KS09,KNE,68560,2,86,1.4
KS09,KNE,68560,2,86,2
KS09,KNE,68560,2,86,3.7
KS09,KNE,68560,2,87,1.3
KS09,KNE,68560,2,88,4.3
KS09,KNE,68560,2,88,4
KS09,KNE,68560,2,88,1
KS09,KNE,68560,2,89,2.8
KS09,KNE,68560,2,93,1
KS09,KNE,68560,2,95,1
KS09,KNE,68560,2,97,2.8
KS09,KNE,68560,2,97,4
KS09,KNE,68560,2,98,4.3
KS09,KNE,68560,2,103,1
KS09,KNE,68560,2,105,2.5
KS09,KNE,68560,2,106,1.2
KS09,KNE,68560,2,113,1.8
KS09,KNE,68560,3,6,1
KS09,KNE,68560,3,9,1
KS09,KSH,68560,1,10,1
KS09,KSH,68560,1,10,1
KS09,KSH,68560,1,11,1
KS09,KSH,68560,1,12,1
KS09,KSH,68560,1,12,1
KS09,KSH,68560,1,12,1.1
KS09,KSH,68560,1,12,1
KS09,KSH,68560,1,12,1
KS09,KSH,68560,1,12,1
KS09,KSH,68560,1,12,1
KS09,KSH,68560,1,12,1
KS09,KSH,68560,1,13,1
KS09,KSH,68560,1,13,1
KS09,KSH,68560,1,13,1
KS09,KSH,68560,1,13,1.2
KS09,KSH,68560,1,13,1
KS09,KSH,68560,1,13,1
KS09,KSH,68560,1,13,1
KS09,KSH,68560,1,13,1
KS09,KSH,68560,1,13,1
KS09,KSH,68560,1,13,2.8
KS09,KSH,68560,1,13,1
KS09,KSH,68560,1,13,1
KS09,KSH,68560,1,13,2.8
KS09,KSH,68560,1,13,1
KS09,KSH,68560,1,13,1
KS09,KSH,68560,1,13,1
KS09,KSH,68560,1,13,1
KS09,KSH,68560,1,13,1
KS09,KSH,68560,1,13,1
KS09,KSH,68560,1,13,1
KS09,KSH,68560,1,13,1
KS09,KSH,68560,1,13,1
KS09,KSH,68560,1,13,1
KS09,KSH,68560,1,13,3.8
KS09,KSH,68560,1,13,1
KS09,KSH,68560,1,14,1
KS09,KSH,68560,1,14,2.8
KS09,KSH,68560,1,14,1
KS09,KSH,68560,1,14,1
KS09,KSH,68560,1,14,1
KS09,KSH,68560,1,14,3.9
KS09,KSH,68560,1,14,3.8
KS09,KSH,68560,1,14,1.3
KS09,KSH,68560,1,14,3.9
KS09,KSH,68560,1,14,3.8
KS09,KSH,68560,1,14,2.5
KS09,KSH,68560,1,14,2.8
KS09,KSH,68560,1,14,1
KS09,KSH,68560,1,14,2.5
KS09,KSH,68560,1,14,1
KS09,KSH,68560,1,14,1
KS09,KSH,68560,1,14,2.8
KS09,KSH,68560,1,14,1
KS09,KSH,68560,1,14,1
KS09,KSH,68560,1,15,1
KS09,KSH,68560,1,15,1
KS09,KSH,68560,1,15,1.3
KS09,KSH,68560,1,15,1
KS09,KSH,68560,1,15,1.1
KS09,KSH,68560,1,15,3.8
KS09,KSH,68560,1,15,2.8
KS09,KSH,68560,1,15,1
KS09,KSH,68560,1,15,1
KS09,KSH,68560,1,16,1
KS09,KSH,68560,1,16,1.3
KS09,KSH,68560,1,16,1
KS09,KSH,68560,1,17,1.1
KS09,KSH,68560,1,17,1.4
KS09,KSH,68560,1,17,1
KS09,KSH,68560,1,17,1
KS09,KSH,68560,1,17,1
KS09,KSH,68560,1,18,1
KS09,KSH,68560,1,18,1.5
KS09,KSH,68560,1,18,1.1
KS09,KSH,68560,1,18,1
KS09,KSH,68560,1,18,1.1
KS09,KSH,68560,1,19,2.6
KS09,KSH,68560,1,19,1
KS09,KSH,68560,1,19,1
KS09,KSH,68560,1,19,1
KS09,KSH,68560,1,19,1
KS09,KSH,68560,1,19,1.2
KS09,KSH,68560,1,19,1
KS09,KSH,68560,1,19,1
KS09,KSH,68560,1,20,1.9
KS09,KSH,68560,1,20,1
KS09,KSH,68560,1,20,1
KS09,KSH,68560,1,20,1.4
KS09,KSH,68560,1,21,1
KS09,KSH,68560,1,21,1
KS09,KSH,68560,1,21,1
KS09,KSH,68560,1,21,1
KS09,KSH,68560,1,21,1
KS09,KSH,68560,1,21,1
KS09,KSH,68560,1,21,1
KS09,KSH,68560,1,21,1.2
KS09,KSH,68560,1,21,1
KS09,KSH,68560,1,21,1
KS09,KSH,68560,1,21,1
KS09,KSH,68560,1,21,1
KS09,KSH,68560,1,22,1
KS09,KSH,68560,1,22,1.3
KS09,KSH,68560,1,22,1
KS09,KSH,68560,1,22,1
KS09,KSH,68560,1,22,1
KS09,KSH,68560,1,22,1.4
KS09,KSH,68560,1,22,1.1
KS09,KSH,68560,1,22,1
KS09,KSH,68560,1,22,1
KS09,KSH,68560,1,23,1
KS09,KSH,68560,1,23,1.3
KS09,KSH,68560,1,23,1.2
KS09,KSH,68560,1,23,3.8
KS09,KSH,68560,1,23,1
KS09,KSH,68560,1,23,1
KS09,KSH,68560,1,23,1.7
KS09,KSH,68560,1,23,1
KS09,KSH,68560,1,23,1.5
KS09,KSH,68560,1,23,4.6
KS09,KSH,68560,1,23,1.1
KS09,KSH,68560,1,23,1
KS09,KSH,68560,1,23,1.6
KS09,KSH,68560,1,23,1
KS09,KSH,68560,1,24,1
KS09,KSH,68560,1,24,1
KS09,KSH,68560,1,24,1
KS09,KSH,68560,1,24,1.3
KS09,KSH,68560,1,24,1
KS09,KSH,68560,1,24,1
KS09,KSH,68560,1,24,4.6
KS09,KSH,68560,1,24,2.4
KS09,KSH,68560,1,24,3.9
KS09,KSH,68560,1,24,1
KS09,KSH,68560,1,24,1
KS09,KSH,68560,1,24,1.4
KS09,KSH,68560,1,24,1.5
KS09,KSH,68560,1,24,1
KS09,KSH,68560,1,24,1
KS09,KSH,68560,1,24,1.3
KS09,KSH,68560,1,24,1
KS09,KSH,68560,1,24,1.2
KS09,KSH,68560,1,24,1
KS09,KSH,68560,1,24,1
KS09,KSH,68560,1,24,1.2
KS09,KSH,68560,1,24,4.6
KS09,KSH,68560,1,24,1
KS09,KSH,68560,1,24,1
KS09,KSH,68560,1,24,4.3
KS09,KSH,68560,1,24,1.1
KS09,KSH,68560,1,24,1.3
KS09,KSH,68560,1,24,1
KS09,KSH,68560,1,24,1
KS09,KSH,68560,1,24,1
KS09,KSH,68560,1,24,1
KS09,KSH,68560,1,24,1
KS09,KSH,68560,1,24,1
KS09,KSH,68560,1,24,1
KS09,KSH,68560,1,24,1
KS09,KSH,68560,1,24,1
KS09,KSH,68560,1,24,1
KS09,KSH,68560,1,24,1
KS09,KSH,68560,1,24,1.5
KS09,KSH,68560,1,24,1
KS09,KSH,68560,1,24,1
KS09,KSH,68560,1,24,1
KS09,KSH,68560,1,24,1
KS09,KSH,68560,1,24,1
KS09,KSH,68560,1,24,1
KS09,KSH,68560,1,24,1
KS09,KSH,68560,1,25,1
KS09,KSH,68560,1,25,1
KS09,KSH,68560,1,25,1
KS09,KSH,68560,1,25,1
KS09,KSH,68560,1,25,1
KS09,KSH,68560,1,25,1.1
KS09,KSH,68560,1,25,1
KS09,KSH,68560,1,25,1.2
KS09,KSH,68560,1,25,1
KS09,KSH,68560,1,25,1
KS09,KSH,68560,1,25,1
KS09,KSH,68560,1,25,1
KS09,KSH,68560,1,25,1
KS09,KSH,68560,1,25,2.6
KS09,KSH,68560,1,25,4.6
KS09,KSH,68560,1,25,3.8
KS09,KSH,68560,1,25,1
KS09,KSH,68560,1,25,1
KS09,KSH,68560,1,25,4.3
KS09,KSH,68560,1,25,1.1
KS09,KSH,68560,1,25,1
KS09,KSH,68560,1,25,2.1
KS09,KSH,68560,1,25,1
KS09,KSH,68560,1,25,1
KS09,KSH,68560,1,25,1.3
KS09,KSH,68560,1,25,1.2
KS09,KSH,68560,1,25,1.3
KS09,KSH,68560,1,25,1
KS09,KSH,68560,1,25,1
KS09,KSH,68560,1,25,1
KS09,KSH,68560,1,25,1
KS09,KSH,68560,1,25,1.1
KS09,KSH,68560,1,25,1.5
KS09,KSH,68560,1,25,1
KS09,KSH,68560,1,25,1.1
KS09,KSH,68560,1,25,1
KS09,KSH,68560,1,25,1.4
KS09,KSH,68560,1,25,1
KS09,KSH,68560,1,25,1.3
KS09,KSH,68560,1,25,1.9
KS09,KSH,68560,1,25,1
KS09,KSH,68560,1,25,3.8
KS09,KSH,68560,1,25,2.5
KS09,KSH,68560,1,25,1.2
KS09,KSH,68560,1,25,1
KS09,KSH,68560,1,25,1.8
KS09,KSH,68560,1,25,1.6
KS09,KSH,68560,1,25,1
KS09,KSH,68560,1,25,1
KS09,KSH,68560,1,25,1
KS09,KSH,68560,1,26,4.6
KS09,KSH,68560,1,26,1
KS09,KSH,68560,1,26,1.5
KS09,KSH,68560,1,26,1
KS09,KSH,68560,1,26,1.1
KS09,KSH,68560,1,26,1
KS09,KSH,68560,1,26,1
KS09,KSH,68560,1,26,4.6
KS09,KSH,68560,1,26,4.6
KS09,KSH,68560,1,26,4.6
KS09,KSH,68560,1,26,1
KS09,KSH,68560,1,26,1
KS09,KSH,68560,1,26,1
KS09,KSH,68560,1,26,1
KS09,KSH,68560,1,26,1.8
KS09,KSH,68560,1,26,1
KS09,KSH,68560,1,26,2.2
KS09,KSH,68560,1,26,1.5
KS09,KSH,68560,1,26,1.3
KS09,KSH,68560,1,26,1
KS09,KSH,68560,1,26,1
KS09,KSH,68560,1,26,1
KS09,KSH,68560,1,26,2.6
KS09,KSH,68560,1,26,2.6
KS09,KSH,68560,1,26,1.5
KS09,KSH,68560,1,26,1
KS09,KSH,68560,1,26,1
KS09,KSH,68560,1,26,1
KS09,KSH,68560,1,26,2
KS09,KSH,68560,1,26,1.1
KS09,KSH,68560,1,26,1
KS09,KSH,68560,1,26,1
KS09,KSH,68560,1,26,1
KS09,KSH,68560,1,26,1.3
KS09,KSH,68560,1,26,1.3
KS09,KSH,68560,1,26,1
KS09,KSH,68560,1,26,1
KS09,KSH,68560,1,26,1.2
KS09,KSH,68560,1,27,1
KS09,KSH,68560,1,27,1
KS09,KSH,68560,1,27,1
KS09,KSH,68560,1,27,1
KS09,KSH,68560,1,27,1.5
KS09,KSH,68560,1,27,1
KS09,KSH,68560,1,27,4.3
KS09,KSH,68560,1,27,1
KS09,KSH,68560,1,27,1
KS09,KSH,68560,1,27,1.3
KS09,KSH,68560,1,27,1.5
KS09,KSH,68560,1,27,1.2
KS09,KSH,68560,1,27,1
KS09,KSH,68560,1,27,1.3
KS09,KSH,68560,1,27,1.9
KS09,KSH,68560,1,27,1.1
KS09,KSH,68560,1,27,1
KS09,KSH,68560,1,27,1
KS09,KSH,68560,1,27,1
KS09,KSH,68560,1,28,1
KS09,KSH,68560,1,28,1
KS09,KSH,68560,1,28,1
KS09,KSH,68560,1,28,1
KS09,KSH,68560,1,28,1
KS09,KSH,68560,1,28,5.2
KS09,KSH,68560,1,28,1
KS09,KSH,68560,1,28,4.3
KS09,KSH,68560,1,28,1
KS09,KSH,68560,1,29,3.8
KS09,KSH,68560,1,29,1
KS09,KSH,68560,1,29,1
KS09,KSH,68560,1,29,1
KS09,KSH,68560,1,29,1.4
KS09,KSH,68560,1,29,1
KS09,KSH,68560,1,29,1
KS09,KSH,68560,1,29,1
KS09,KSH,68560,1,29,1
KS09,KSH,68560,1,29,1
KS09,KSH,68560,1,29,3.8
KS09,KSH,68560,1,29,1
KS09,KSH,68560,1,29,1
KS09,KSH,68560,1,30,4.6
KS09,KSH,68560,1,30,2.5
KS09,KSH,68560,1,30,1.6
KS09,KSH,68560,1,30,1
KS09,KSH,68560,1,30,3.8
KS09,KSH,68560,1,30,1
KS09,KSH,68560,1,31,1
KS09,KSH,68560,1,31,1
KS09,KSH,68560,1,31,1.1
KS09,KSH,68560,1,31,1
KS09,KSH,68560,1,31,1.4
KS09,KSH,68560,1,31,1
KS09,KSH,68560,1,31,1.4
KS09,KSH,68560,1,31,1
KS09,KSH,68560,1,31,1
KS09,KSH,68560,1,31,1.2
KS09,KSH,68560,1,31,1
KS09,KSH,68560,1,31,1
KS09,KSH,68560,1,31,1
KS09,KSH,68560,1,31,1
KS09,KSH,68560,1,32,1
KS09,KSH,68560,1,32,2.4
KS09,KSH,68560,1,32,1
KS09,KSH,68560,1,32,1
KS09,KSH,68560,1,32,1
KS09,KSH,68560,1,32,1
KS09,KSH,68560,1,32,1
KS09,KSH,68560,1,32,1.2
KS09,KSH,68560,1,32,1
KS09,KSH,68560,1,32,1
KS09,KSH,68560,1,32,1
KS09,KSH,68560,1,33,1
KS09,KSH,68560,1,33,1
KS09,KSH,68560,1,33,1.2
KS09,KSH,68560,1,33,1.9
KS09,KSH,68560,1,33,1.9
KS09,KSH,68560,1,33,2
KS09,KSH,68560,1,33,1
KS09,KSH,68560,1,33,1
KS09,KSH,68560,1,33,1
KS09,KSH,68560,1,33,1
KS09,KSH,68560,1,33,1
KS09,KSH,68560,1,33,1.6
KS09,KSH,68560,1,33,1
KS09,KSH,68560,1,33,4.6
KS09,KSH,68560,1,34,1
KS09,KSH,68560,1,34,1.3
KS09,KSH,68560,1,34,1
KS09,KSH,68560,1,34,1
KS09,KSH,68560,1,34,1.4
KS09,KSH,68560,1,34,1
KS09,KSH,68560,1,34,1
KS09,KSH,68560,1,34,2
KS09,KSH,68560,1,34,1
KS09,KSH,68560,1,34,1
KS09,KSH,68560,1,34,1
KS09,KSH,68560,1,34,1
KS09,KSH,68560,1,34,1
KS09,KSH,68560,1,34,1
KS09,KSH,68560,1,35,1
KS09,KSH,68560,1,35,1
KS09,KSH,68560,1,35,1
KS09,KSH,68560,1,35,1
KS09,KSH,68560,1,35,1
KS09,KSH,68560,1,35,1
KS09,KSH,68560,1,35,2
KS09,KSH,68560,1,35,1
KS09,KSH,68560,1,35,1
KS09,KSH,68560,1,35,5.2
KS09,KSH,68560,1,35,1.4
KS09,KSH,68560,1,35,1.1
KS09,KSH,68560,1,35,1
KS09,KSH,68560,1,35,1
KS09,KSH,68560,1,36,1.6
KS09,KSH,68560,1,36,1
KS09,KSH,68560,1,36,3.8
KS09,KSH,68560,1,36,1
KS09,KSH,68560,1,36,1
KS09,KSH,68560,1,36,1
KS09,KSH,68560,1,36,1.5
KS09,KSH,68560,1,36,1
KS09,KSH,68560,1,36,1
KS09,KSH,68560,1,36,1
KS09,KSH,68560,1,36,1.4
KS09,KSH,68560,1,36,1
KS09,KSH,68560,1,36,1
KS09,KSH,68560,1,36,1
KS09,KSH,68560,1,36,1
KS09,KSH,68560,1,37,1
KS09,KSH,68560,1,37,1.5
KS09,KSH,68560,1,37,1.9
KS09,KSH,68560,1,37,1
KS09,KSH,68560,1,38,1
KS09,KSH,68560,1,38,1.6
KS09,KSH,68560,1,39,1.3
KS09,KSH,68560,1,39,1.3
KS09,KSH,68560,1,39,1
KS09,KSH,68560,1,39,2
KS09,KSH,68560,1,39,1
KS09,KSH,68560,1,40,1
KS09,KSH,68560,1,40,1
KS09,KSH,68560,1,41,1
KS09,KSH,68560,1,41,1.2
KS09,KSH,68560,1,41,1
KS09,KSH,68560,1,41,1
KS09,KSH,68560,1,42,1
KS09,KSH,68560,1,42,1
KS09,KSH,68560,1,42,1
KS09,KSH,68560,1,43,1
KS09,KSH,68560,1,44,1
KS09,KSH,68560,1,44,1
KS09,KSH,68560,1,44,1
KS09,KSH,68560,1,44,1.4
KS09,KSH,68560,1,45,1
KS09,KSH,68560,1,45,1.5
KS09,KSH,68560,1,45,1
KS09,KSH,68560,1,46,1
KS09,KSH,68560,1,46,3.6
KS09,KSH,68560,1,46,1.4
KS09,KSH,68560,1,46,1
KS09,KSH,68560,1,46,1
KS09,KSH,68560,1,47,1
KS09,KSH,68560,1,47,2.4
KS09,KSH,68560,1,47,1
KS09,KSH,68560,1,47,1
KS09,KSH,68560,1,48,1.9
KS09,KSH,68560,1,48,1
KS09,KSH,68560,1,49,1
KS09,KSH,68560,1,50,1
KS09,KSH,68560,1,50,1.1
KS09,KSH,68560,1,50,1.3
KS09,KSH,68560,1,50,2.2
KS09,KSH,68560,1,50,1.9
KS09,KSH,68560,1,50,1
KS09,KSH,68560,1,50,1
KS09,KSH,68560,1,50,1
KS09,KSH,68560,1,51,1
KS09,KSH,68560,1,51,1
KS09,KSH,68560,1,51,2.2
KS09,KSH,68560,1,52,1
KS09,KSH,68560,1,53,1
KS09,KSH,68560,1,53,1.3
KS09,KSH,68560,1,53,1
KS09,KSH,68560,1,53,1
KS09,KSH,68560,1,54,1
KS09,KSH,68560,1,55,1.1
KS09,KSH,68560,1,55,1
KS09,KSH,68560,1,55,1
KS09,KSH,68560,1,55,1
KS09,KSH,68560,1,55,1.4
KS09,KSH,68560,1,56,2
KS09,KSH,68560,1,56,1.2
KS09,KSH,68560,1,57,1
KS09,KSH,68560,1,57,1
KS09,KSH,68560,1,57,3.6
KS09,KSH,68560,1,57,2.6
KS09,KSH,68560,1,58,3.6
KS09,KSH,68560,1,58,1
KS09,KSH,68560,1,62,1.4
KS09,KSH,68560,1,63,1
KS09,KSH,68560,1,63,1
KS09,KSH,68560,1,63,1
KS09,KSH,68560,1,64,1.2
KS09,KSH,68560,1,64,3.6
KS09,KSH,68560,1,66,3.6
KS09,KSH,68560,1,66,1
KS09,KSH,68560,1,68,1
KS09,KSH,68560,1,76,1
KS09,KSH,68560,1,76,2.8
KS09,KSH,68560,1,78,2.2
KS09,KSH,68560,1,78,1
KS09,KSH,68560,1,81,1
KS09,KSH,68560,1,81,1
KS09,KSH,68560,1,81,1
KS09,KSH,68560,1,82,1.4
KS09,KSH,68560,1,82,1
KS09,KSH,68560,1,82,1
KS09,KSH,68560,1,82,1
KS09,KSH,68560,1,82,1
KS09,KSH,68560,1,82,1
KS09,KSH,68560,1,82,1
KS09,KSH,68560,1,83,3.9
KS09,KSH,68560,1,83,1.6
KS09,KSH,68560,1,83,1
KS09,KSH,68560,1,84,1
KS09,KSH,68560,1,85,1
KS09,KSH,68560,1,85,1.1
KS09,KSH,68560,1,86,1.1
KS09,KSH,68560,1,86,1
KS09,KSH,68560,1,86,1
KS09,KSH,68560,1,86,1
KS09,KSH,68560,1,86,1.3
KS09,KSH,68560,1,86,1
KS09,KSH,68560,1,88,1
KS09,KSH,68560,1,88,1.4
KS09,KSH,68560,1,88,5.2
KS09,KSH,68560,1,89,1.4
KS09,KSH,68560,1,89,1.4
KS09,KSH,68560,1,90,1
KS09,KSH,68560,1,91,1.3
KS09,KSH,68560,1,91,1
KS09,KSH,68560,1,91,1
KS09,KSH,68560,1,91,1.4
KS09,KSH,68560,1,91,1
KS09,KSH,68560,1,92,1
KS09,KSH,68560,1,92,1
KS09,KSH,68560,1,92,1.1
KS09,KSH,68560,1,92,1
KS09,KSH,68560,1,92,1
KS09,KSH,68560,1,92,1
KS09,KSH,68560,1,93,1
KS09,KSH,68560,1,93,1
KS09,KSH,68560,1,93,1
KS09,KSH,68560,1,94,1
KS09,KSH,68560,1,94,1
KS09,KSH,68560,1,95,1
KS09,KSH,68560,1,95,1
KS09,KSH,68560,1,96,1
KS09,KSH,68560,1,96,1
KS09,KSH,68560,1,97,1
KS09,KSH,68560,1,98,1.2
KS09,KSH,68560,1,99,1.7
KS09,KSH,68560,1,99,1
KS09,KSH,68560,1,99,1.5
KS09,KSH,68560,1,99,2
KS09,KSH,68560,1,100,1
KS09,KSH,68560,1,100,1.2
KS09,KSH,68560,1,100,1
KS09,KSH,68560,1,101,2
KS09,KSH,68560,1,102,1
KS09,KSH,68560,1,102,1
KS09,KSH,68560,1,102,1
KS09,KSH,68560,1,103,1
KS09,KSH,68560,1,104,1.1
KS09,KSH,68560,1,104,1.5
KS09,KSH,68560,1,104,2
KS09,KSH,68560,1,104,1
KS09,KSH,68560,1,105,1
KS09,KSH,68560,1,105,1
KS09,KSH,68560,1,105,1
KS09,KSH,68560,1,105,1
KS09,KSH,68560,1,105,1
KS09,KSH,68560,1,105,1
KS09,KSH,68560,1,105,1.4
KS09,KSH,68560,1,106,1
KS09,KSH,68560,1,106,1.4
KS09,KSH,68560,1,107,1
KS09,KSH,68560,1,107,1
KS09,KSH,68560,1,108,1
KS09,KSH,68560,1,108,1
KS09,KSH,68560,1,108,1
KS09,KSH,68560,1,109,1
KS09,KSH,68560,1,109,1
KS09,KSH,68560,1,109,1
KS09,KSH,68560,1,109,1.9
KS09,KSH,68560,1,110,1.3
KS09,KSH,68560,1,110,1
KS09,KSH,68560,1,110,1
KS09,KSH,68560,1,110,1
KS09,KSH,68560,1,110,1
KS09,KSH,68560,1,110,1.1
KS09,KSH,68560,1,110,1
KS09,KSH,68560,1,110,1
KS09,KSH,68560,1,111,1
KS09,KSH,68560,1,111,1
KS09,KSH,68560,1,111,1
KS09,KSH,68560,1,111,1
KS09,KSH,68560,1,111,1
KS09,KSH,68560,1,112,1
KS09,KSH,68560,1,112,1
KS09,KSH,68560,1,112,1
KS09,KSH,68560,1,112,1
KS09,KSH,68560,1,112,1
KS09,KSH,68560,1,112,1
KS09,KSH,68560,1,112,1
KS09,KSH,68560,1,113,1
KS09,KSH,68560,1,113,1
KS09,KSH,68560,1,113,1
KS09,KSH,68560,1,114,1
KS09,KSH,68560,1,114,1
KS09,KSH,68560,1,114,1
KS09,KSH,68560,1,114,1
KS09,KSH,68560,1,115,1
KS09,KSH,68560,1,115,1
KS09,KSH,68560,1,116,1
KS09,KSH,68560,1,116,1
KS09,KSH,68560,1,116,1
KS09,KSH,68560,1,116,1
KS09,KSH,68560,1,116,1.1
KS09,KSH,68560,1,116,1.4
KS09,KSH,68560,1,116,1
KS09,KSH,68560,1,117,1.3
KS09,KSH,68560,1,117,1
KS09,KSH,68560,1,117,1
KS09,KSH,68560,1,117,1
KS09,KSH,68560,1,117,1
KS09,KSH,68560,1,118,1
KS09,KSH,68560,1,118,1
KS09,KSH,68560,1,119,1.5
KS09,KSH,68560,1,120,2.1
KS09,KSH,68560,1,120,1
KS09,KSH,68560,1,120,1.4
KS09,KSH,68560,1,120,3.8
KS09,KSH,68560,1,120,1.3
KS09,KSH,68560,1,121,1
KS09,KSH,68560,1,121,1
KS09,KSH,68560,1,121,1
KS09,KSH,68560,1,122,1
KS09,KSH,68560,1,122,1
KS09,KSH,68560,1,122,1.5
KS09,KSH,68560,1,122,1
KS09,KSH,68560,1,123,1.2
KS09,KSH,68560,1,123,1
KS09,KSH,68560,1,123,1
KS09,KSH,68560,1,123,1
KS09,KSH,68560,1,123,1.5
KS09,KSH,68560,1,123,1
KS09,KSH,68560,1,124,1
KS09,KSH,68560,1,124,1
KS09,KSH,68560,1,124,1
KS09,KSH,68560,1,124,1
KS09,KSH,68560,1,125,1
KS09,KSH,68560,1,125,1.2
KS09,KSH,68560,1,125,1
KS09,KSH,68560,1,125,2.1
KS09,KSH,68560,1,126,1
KS09,KSH,68560,1,126,1
KS09,KSH,68560,1,126,1
KS09,KSH,68560,1,126,1
KS09,KSH,68560,1,126,1
KS09,KSH,68560,1,127,1
KS09,KSH,68560,1,127,1.4
KS09,KSH,68560,1,127,1
KS09,KSH,68560,1,127,1
KS09,KSH,68560,1,127,1
KS09,KSH,68560,1,127,1
KS09,KSH,68560,1,127,1
KS09,KSH,68560,1,128,1
KS09,KSH,68560,1,128,1
KS09,KSH,68560,1,128,1
KS09,KSH,68560,1,128,1
KS09,KSH,68560,1,129,1
KS09,KSH,68560,1,129,1
KS09,KSH,68560,1,130,1
KS09,KSH,68560,1,130,1
KS09,KSH,68560,1,131,1
KS09,KSH,68560,1,131,2
KS09,KSH,68560,1,131,1
KS09,KSH,68560,1,131,1.3
KS09,KSH,68560,1,131,1
KS09,KSH,68560,1,131,1
KS09,KSH,68560,1,132,1
KS09,KSH,68560,1,132,1
KS09,KSH,68560,1,132,1
KS09,KSH,68560,1,133,1
KS09,KSH,68560,1,133,1
KS09,KSH,68560,1,133,1
KS09,KSH,68560,1,133,1
KS09,KSH,68560,1,133,1
KS09,KSH,68560,1,133,1
KS09,KSH,68560,1,133,1.3
KS09,KSH,68560,1,133,1
KS09,KSH,68560,1,134,1
KS09,KSH,68560,1,134,1
KS09,KSH,68560,1,134,1
KS09,KSH,68560,1,134,1
KS09,KSH,68560,1,135,1
KS09,KSH,68560,1,135,1
KS09,KSH,68560,1,135,1
KS09,KSH,68560,1,135,2
KS09,KSH,68560,1,135,1
KS09,KSH,68560,1,136,1
KS09,KSH,68560,1,136,1
KS09,KSH,68560,1,137,1
KS09,KSH,68560,1,138,1
KS09,KSH,68560,1,139,1
KS09,KSH,68560,1,139,2.2
KS09,KSH,68560,1,142,2
KS09,KSH,68560,1,142,1
KS09,KSH,68560,1,142,5.2
KS09,KSH,68560,1,142,1.1
KS09,KSH,68560,1,143,1
KS09,KSH,68560,1,144,1
KS09,KSH,68560,1,144,2
KS09,KSH,68560,1,147,1
KS09,KSH,68560,1,147,1
KS09,KSH,68560,1,149,1.7
KS09,KSH,68560,1,151,1.4
KS09,KSH,68560,1,151,1.1
KS09,KSH,68560,1,151,1
KS09,KSH,68560,1,152,1.4
KS09,KSH,68560,1,159,1
KS09,KSH,68560,1,160,1
KS09,KSH,68560,1,167,1
KS09,KSH,68560,1,171,1
KS09,KSH,68560,1,180,1
KS09,KSH,68560,2,10,1.6
KS09,KSH,68560,2,10,1
KS09,KSH,68560,2,10,1
KS09,KSH,68560,2,11,1.6
KS09,KSH,68560,2,11,1
KS09,KSH,68560,2,11,1.7
KS09,KSH,68560,2,12,1
KS09,KSH,68560,2,12,1.4
KS09,KSH,68560,2,12,1
KS09,KSH,68560,2,12,1
KS09,KSH,68560,2,12,1
KS09,KSH,68560,2,12,2.4
KS09,KSH,68560,2,12,2.4
KS09,KSH,68560,2,12,1
KS09,KSH,68560,2,12,1.5
KS09,KSH,68560,2,12,1
KS09,KSH,68560,2,12,1
KS09,KSH,68560,2,12,1
KS09,KSH,68560,2,12,1
KS09,KSH,68560,2,12,1.4
KS09,KSH,68560,2,12,1.2
KS09,KSH,68560,2,12,1
KS09,KSH,68560,2,13,1
KS09,KSH,68560,2,13,1
KS09,KSH,68560,2,13,1
KS09,KSH,68560,2,13,3.9
KS09,KSH,68560,2,13,1.6
KS09,KSH,68560,2,13,1.6
KS09,KSH,68560,2,13,1
KS09,KSH,68560,2,13,2.4
KS09,KSH,68560,2,13,1
KS09,KSH,68560,2,13,1
KS09,KSH,68560,2,13,1
KS09,KSH,68560,2,13,1
KS09,KSH,68560,2,13,1
KS09,KSH,68560,2,13,1
KS09,KSH,68560,2,13,2.8
KS09,KSH,68560,2,13,1.3
KS09,KSH,68560,2,14,1
KS09,KSH,68560,2,14,1
KS09,KSH,68560,2,14,1.6
KS09,KSH,68560,2,14,1.6
KS09,KSH,68560,2,14,1
KS09,KSH,68560,2,14,1
KS09,KSH,68560,2,14,1
KS09,KSH,68560,2,14,1
KS09,KSH,68560,2,14,1
KS09,KSH,68560,2,14,4.6
KS09,KSH,68560,2,14,4.6
KS09,KSH,68560,2,14,2.4
KS09,KSH,68560,2,14,1
KS09,KSH,68560,2,14,1
KS09,KSH,68560,2,14,1
KS09,KSH,68560,2,14,1.3
KS09,KSH,68560,2,14,1
KS09,KSH,68560,2,14,1
KS09,KSH,68560,2,15,3.8
KS09,KSH,68560,2,15,1
KS09,KSH,68560,2,15,1
KS09,KSH,68560,2,15,1
KS09,KSH,68560,2,15,1
KS09,KSH,68560,2,15,1.6
KS09,KSH,68560,2,15,1
KS09,KSH,68560,2,15,1
KS09,KSH,68560,2,15,1
KS09,KSH,68560,2,15,1.3
KS09,KSH,68560,2,15,1
KS09,KSH,68560,2,16,1
KS09,KSH,68560,2,16,1
KS09,KSH,68560,2,16,1
KS09,KSH,68560,2,17,1
KS09,KSH,68560,2,17,1
KS09,KSH,68560,2,17,1.1
KS09,KSH,68560,2,17,1.2
KS09,KSH,68560,2,17,1
KS09,KSH,68560,2,17,1
KS09,KSH,68560,2,17,1
KS09,KSH,68560,2,17,1
KS09,KSH,68560,2,17,1
KS09,KSH,68560,2,17,1.5
KS09,KSH,68560,2,17,1.3
KS09,KSH,68560,2,18,1
KS09,KSH,68560,2,19,1.2
KS09,KSH,68560,2,19,1
KS09,KSH,68560,2,19,1
KS09,KSH,68560,2,19,1
KS09,KSH,68560,2,19,1
KS09,KSH,68560,2,19,1
KS09,KSH,68560,2,19,1.5
KS09,KSH,68560,2,19,1
KS09,KSH,68560,2,19,1
KS09,KSH,68560,2,19,1
KS09,KSH,68560,2,19,1.3
KS09,KSH,68560,2,19,1.1
KS09,KSH,68560,2,20,1.4
KS09,KSH,68560,2,20,1
KS09,KSH,68560,2,20,4.3
KS09,KSH,68560,2,20,1
KS09,KSH,68560,2,20,1
KS09,KSH,68560,2,20,1
KS09,KSH,68560,2,20,1
KS09,KSH,68560,2,20,1
KS09,KSH,68560,2,21,1
KS09,KSH,68560,2,21,1
KS09,KSH,68560,2,21,1
KS09,KSH,68560,2,21,1
KS09,KSH,68560,2,21,1.1
KS09,KSH,68560,2,21,1
KS09,KSH,68560,2,21,1
KS09,KSH,68560,2,21,1
KS09,KSH,68560,2,21,2.6
KS09,KSH,68560,2,21,1
KS09,KSH,68560,2,21,1.3
KS09,KSH,68560,2,21,5.2
KS09,KSH,68560,2,21,1
KS09,KSH,68560,2,21,2
KS09,KSH,68560,2,21,1.4
KS09,KSH,68560,2,21,1
KS09,KSH,68560,2,21,1
KS09,KSH,68560,2,22,1.2
KS09,KSH,68560,2,22,1.1
KS09,KSH,68560,2,22,1
KS09,KSH,68560,2,22,1
KS09,KSH,68560,2,22,1
KS09,KSH,68560,2,22,1
KS09,KSH,68560,2,22,1
KS09,KSH,68560,2,22,1
KS09,KSH,68560,2,22,1
KS09,KSH,68560,2,23,2.8
KS09,KSH,68560,2,23,1
KS09,KSH,68560,2,23,1
KS09,KSH,68560,2,23,1.2
KS09,KSH,68560,2,23,1
KS09,KSH,68560,2,23,1
KS09,KSH,68560,2,23,1
KS09,KSH,68560,2,23,1.1
KS09,KSH,68560,2,23,4.3
KS09,KSH,68560,2,23,1
KS09,KSH,68560,2,23,1
KS09,KSH,68560,2,23,1
KS09,KSH,68560,2,23,1
KS09,KSH,68560,2,23,1.4
KS09,KSH,68560,2,23,1.8
KS09,KSH,68560,2,24,3.9
KS09,KSH,68560,2,24,1
KS09,KSH,68560,2,24,1
KS09,KSH,68560,2,24,1
KS09,KSH,68560,2,24,1
KS09,KSH,68560,2,24,4.3
KS09,KSH,68560,2,24,1
KS09,KSH,68560,2,24,1
KS09,KSH,68560,2,24,1
KS09,KSH,68560,2,24,1
KS09,KSH,68560,2,24,1.6
KS09,KSH,68560,2,24,1
KS09,KSH,68560,2,24,1.2
KS09,KSH,68560,2,24,1.2
KS09,KSH,68560,2,24,1
KS09,KSH,68560,2,24,1
KS09,KSH,68560,2,24,1
KS09,KSH,68560,2,24,5.2
KS09,KSH,68560,2,24,1.2
KS09,KSH,68560,2,24,1.1
KS09,KSH,68560,2,24,1.1
KS09,KSH,68560,2,24,1
KS09,KSH,68560,2,24,1
KS09,KSH,68560,2,24,1.4
KS09,KSH,68560,2,24,1.2
KS09,KSH,68560,2,24,1.8
KS09,KSH,68560,2,24,1
KS09,KSH,68560,2,24,1
KS09,KSH,68560,2,24,1
KS09,KSH,68560,2,24,1.9
KS09,KSH,68560,2,24,1
KS09,KSH,68560,2,24,1.9
KS09,KSH,68560,2,24,2.4
KS09,KSH,68560,2,24,1
KS09,KSH,68560,2,24,2.5
KS09,KSH,68560,2,24,1
KS09,KSH,68560,2,25,1
KS09,KSH,68560,2,25,1.9
KS09,KSH,68560,2,25,1.4
KS09,KSH,68560,2,25,1.4
KS09,KSH,68560,2,25,1
KS09,KSH,68560,2,25,1
KS09,KSH,68560,2,25,1
KS09,KSH,68560,2,25,2
KS09,KSH,68560,2,25,1
KS09,KSH,68560,2,25,1
KS09,KSH,68560,2,25,1.3
KS09,KSH,68560,2,25,1.1
KS09,KSH,68560,2,25,1
KS09,KSH,68560,2,25,1
KS09,KSH,68560,2,25,1.5
KS09,KSH,68560,2,25,1
KS09,KSH,68560,2,25,1.5
KS09,KSH,68560,2,25,1
KS09,KSH,68560,2,25,1
KS09,KSH,68560,2,25,1.5
KS09,KSH,68560,2,25,1.5
KS09,KSH,68560,2,25,1
KS09,KSH,68560,2,25,4.3
KS09,KSH,68560,2,25,1.5
KS09,KSH,68560,2,25,1
KS09,KSH,68560,2,25,4.6
KS09,KSH,68560,2,25,1
KS09,KSH,68560,2,25,1.3
KS09,KSH,68560,2,25,1
KS09,KSH,68560,2,25,1
KS09,KSH,68560,2,25,1.2
KS09,KSH,68560,2,25,1
KS09,KSH,68560,2,25,1
KS09,KSH,68560,2,25,1
KS09,KSH,68560,2,25,1.3
KS09,KSH,68560,2,25,1.5
KS09,KSH,68560,2,25,1.5
KS09,KSH,68560,2,25,1
KS09,KSH,68560,2,25,1
KS09,KSH,68560,2,25,1
KS09,KSH,68560,2,25,1
KS09,KSH,68560,2,25,1
KS09,KSH,68560,2,25,1.2
KS09,KSH,68560,2,25,4.6
KS09,KSH,68560,2,26,1
KS09,KSH,68560,2,26,1
KS09,KSH,68560,2,26,1
KS09,KSH,68560,2,26,1
KS09,KSH,68560,2,26,1
KS09,KSH,68560,2,26,1
KS09,KSH,68560,2,26,1.2
KS09,KSH,68560,2,26,2.1
KS09,KSH,68560,2,26,1
KS09,KSH,68560,2,26,3.9
KS09,KSH,68560,2,26,1
KS09,KSH,68560,2,26,1.1
KS09,KSH,68560,2,26,4.6
KS09,KSH,68560,2,26,1
KS09,KSH,68560,2,26,1
KS09,KSH,68560,2,26,1
KS09,KSH,68560,2,26,1
KS09,KSH,68560,2,26,1.5
KS09,KSH,68560,2,26,1
KS09,KSH,68560,2,26,1.5
KS09,KSH,68560,2,26,1
KS09,KSH,68560,2,26,1
KS09,KSH,68560,2,26,1.4
KS09,KSH,68560,2,26,1
KS09,KSH,68560,2,26,1.4
KS09,KSH,68560,2,26,2.5
KS09,KSH,68560,2,26,1.4
KS09,KSH,68560,2,26,1.3
KS09,KSH,68560,2,26,1
KS09,KSH,68560,2,26,1
KS09,KSH,68560,2,26,2.6
KS09,KSH,68560,2,26,1
KS09,KSH,68560,2,26,1
KS09,KSH,68560,2,26,1.4
KS09,KSH,68560,2,26,1
KS09,KSH,68560,2,26,1.2
KS09,KSH,68560,2,26,1
KS09,KSH,68560,2,26,1
KS09,KSH,68560,2,26,1
KS09,KSH,68560,2,26,1
KS09,KSH,68560,2,26,1.5
KS09,KSH,68560,2,26,2
KS09,KSH,68560,2,26,1.9
KS09,KSH,68560,2,26,1.3
KS09,KSH,68560,2,26,1
KS09,KSH,68560,2,27,1
KS09,KSH,68560,2,27,1
KS09,KSH,68560,2,27,1
KS09,KSH,68560,2,27,1.3
KS09,KSH,68560,2,27,1
KS09,KSH,68560,2,27,1
KS09,KSH,68560,2,27,1.3
KS09,KSH,68560,2,27,1
KS09,KSH,68560,2,27,1
KS09,KSH,68560,2,27,1
KS09,KSH,68560,2,27,1
KS09,KSH,68560,2,27,1.9
KS09,KSH,68560,2,27,1
KS09,KSH,68560,2,27,1.1
KS09,KSH,68560,2,27,1
KS09,KSH,68560,2,27,1
KS09,KSH,68560,2,27,1
KS09,KSH,68560,2,28,1
KS09,KSH,68560,2,28,1
KS09,KSH,68560,2,28,1
KS09,KSH,68560,2,28,2.6
KS09,KSH,68560,2,28,1
KS09,KSH,68560,2,28,1
KS09,KSH,68560,2,28,1
KS09,KSH,68560,2,28,1
KS09,KSH,68560,2,28,1
KS09,KSH,68560,2,28,1
KS09,KSH,68560,2,29,1
KS09,KSH,68560,2,29,1
KS09,KSH,68560,2,29,1
KS09,KSH,68560,2,29,1
KS09,KSH,68560,2,29,1
KS09,KSH,68560,2,29,1
KS09,KSH,68560,2,29,1
KS09,KSH,68560,2,29,1
KS09,KSH,68560,2,29,3.9
KS09,KSH,68560,2,29,1
KS09,KSH,68560,2,29,1
KS09,KSH,68560,2,30,1.1
KS09,KSH,68560,2,30,1.1
KS09,KSH,68560,2,30,1
KS09,KSH,68560,2,30,1
KS09,KSH,68560,2,30,1
KS09,KSH,68560,2,30,1
KS09,KSH,68560,2,30,4.6
KS09,KSH,68560,2,30,1
KS09,KSH,68560,2,31,1
KS09,KSH,68560,2,31,1
KS09,KSH,68560,2,31,1
KS09,KSH,68560,2,31,1.2
KS09,KSH,68560,2,31,1
KS09,KSH,68560,2,31,1
KS09,KSH,68560,2,31,1
KS09,KSH,68560,2,31,2.8
KS09,KSH,68560,2,31,1
KS09,KSH,68560,2,31,1
KS09,KSH,68560,2,31,1
KS09,KSH,68560,2,31,1
KS09,KSH,68560,2,31,1
KS09,KSH,68560,2,31,1
KS09,KSH,68560,2,32,2.5
KS09,KSH,68560,2,32,1
KS09,KSH,68560,2,32,1.8
KS09,KSH,68560,2,32,1.3
KS09,KSH,68560,2,32,1
KS09,KSH,68560,2,32,1
KS09,KSH,68560,2,32,1
KS09,KSH,68560,2,32,2.5
KS09,KSH,68560,2,32,1
KS09,KSH,68560,2,33,1
KS09,KSH,68560,2,33,1.3
KS09,KSH,68560,2,33,1
KS09,KSH,68560,2,33,1
KS09,KSH,68560,2,33,1
KS09,KSH,68560,2,33,1
KS09,KSH,68560,2,33,1
KS09,KSH,68560,2,33,1
KS09,KSH,68560,2,33,2
KS09,KSH,68560,2,33,1
KS09,KSH,68560,2,33,1.1
KS09,KSH,68560,2,33,1.2
KS09,KSH,68560,2,34,1
KS09,KSH,68560,2,34,1
KS09,KSH,68560,2,34,2
KS09,KSH,68560,2,34,1
KS09,KSH,68560,2,34,1
KS09,KSH,68560,2,34,5.2
KS09,KSH,68560,2,34,1.6
KS09,KSH,68560,2,34,1.5
KS09,KSH,68560,2,34,1.4
KS09,KSH,68560,2,34,1
KS09,KSH,68560,2,34,1
KS09,KSH,68560,2,34,1
KS09,KSH,68560,2,35,1.2
KS09,KSH,68560,2,35,1
KS09,KSH,68560,2,35,4.6
KS09,KSH,68560,2,35,1
KS09,KSH,68560,2,35,4.6
KS09,KSH,68560,2,35,1
KS09,KSH,68560,2,35,3.8
KS09,KSH,68560,2,35,4.6
KS09,KSH,68560,2,35,1
KS09,KSH,68560,2,35,1
KS09,KSH,68560,2,35,2.4
KS09,KSH,68560,2,35,1.5
KS09,KSH,68560,2,35,1.6
KS09,KSH,68560,2,35,1.2
KS09,KSH,68560,2,35,1
KS09,KSH,68560,2,36,1.9
KS09,KSH,68560,2,36,1
KS09,KSH,68560,2,36,2.2
KS09,KSH,68560,2,36,1
KS09,KSH,68560,2,36,1
KS09,KSH,68560,2,36,5.2
KS09,KSH,68560,2,36,1
KS09,KSH,68560,2,36,1
KS09,KSH,68560,2,36,1
KS09,KSH,68560,2,36,1
KS09,KSH,68560,2,36,1
KS09,KSH,68560,2,36,1
KS09,KSH,68560,2,36,2
KS09,KSH,68560,2,36,1.6
KS09,KSH,68560,2,36,1.6
KS09,KSH,68560,2,36,1.6
KS09,KSH,68560,2,37,1
KS09,KSH,68560,2,37,1
KS09,KSH,68560,2,37,1
KS09,KSH,68560,2,37,1
KS09,KSH,68560,2,37,1.6
KS09,KSH,68560,2,38,1
KS09,KSH,68560,2,38,1
KS09,KSH,68560,2,38,1
KS09,KSH,68560,2,39,1.4
KS09,KSH,68560,2,39,1
KS09,KSH,68560,2,39,1.5
KS09,KSH,68560,2,40,1
KS09,KSH,68560,2,40,1.1
KS09,KSH,68560,2,40,1
KS09,KSH,68560,2,41,5.2
KS09,KSH,68560,2,41,1
KS09,KSH,68560,2,41,1
KS09,KSH,68560,2,41,1
KS09,KSH,68560,2,41,1
KS09,KSH,68560,2,41,1
KS09,KSH,68560,2,41,1
KS09,KSH,68560,2,41,1
KS09,KSH,68560,2,41,1
KS09,KSH,68560,2,42,1
KS09,KSH,68560,2,42,1
KS09,KSH,68560,2,42,1
KS09,KSH,68560,2,43,1
KS09,KSH,68560,2,43,2
KS09,KSH,68560,2,44,1
KS09,KSH,68560,2,44,1.4
KS09,KSH,68560,2,44,1
KS09,KSH,68560,2,45,1
KS09,KSH,68560,2,45,1
KS09,KSH,68560,2,46,1
KS09,KSH,68560,2,46,1
KS09,KSH,68560,2,46,1
KS09,KSH,68560,2,46,1.9
KS09,KSH,68560,2,46,1
KS09,KSH,68560,2,46,1.6
KS09,KSH,68560,2,47,1
KS09,KSH,68560,2,47,1.9
KS09,KSH,68560,2,47,1.1
KS09,KSH,68560,2,48,1.1
KS09,KSH,68560,2,48,1
KS09,KSH,68560,2,48,1
KS09,KSH,68560,2,48,1
KS09,KSH,68560,2,48,1
KS09,KSH,68560,2,49,1
KS09,KSH,68560,2,49,1.5
KS09,KSH,68560,2,49,1
KS09,KSH,68560,2,49,1
KS09,KSH,68560,2,49,1
KS09,KSH,68560,2,49,1.7
KS09,KSH,68560,2,50,1
KS09,KSH,68560,2,50,1
KS09,KSH,68560,2,50,1
KS09,KSH,68560,2,50,1
KS09,KSH,68560,2,50,1
KS09,KSH,68560,2,51,1.4
KS09,KSH,68560,2,51,1
KS09,KSH,68560,2,51,1.5
KS09,KSH,68560,2,53,1
KS09,KSH,68560,2,53,2
KS09,KSH,68560,2,54,1.1
KS09,KSH,68560,2,55,1
KS09,KSH,68560,2,56,3.6
KS09,KSH,68560,2,56,1.4
KS09,KSH,68560,2,56,2.2
KS09,KSH,68560,2,56,2
KS09,KSH,68560,2,56,1
KS09,KSH,68560,2,56,1
KS09,KSH,68560,2,57,3.8
KS09,KSH,68560,2,57,1
KS09,KSH,68560,2,58,1
KS09,KSH,68560,2,58,1
KS09,KSH,68560,2,59,1
KS09,KSH,68560,2,59,1
KS09,KSH,68560,2,59,1
KS09,KSH,68560,2,59,1
KS09,KSH,68560,2,60,3.6
KS09,KSH,68560,2,60,1
KS09,KSH,68560,2,60,1
KS09,KSH,68560,2,61,1
KS09,KSH,68560,2,61,3.6
KS09,KSH,68560,2,61,1.1
KS09,KSH,68560,2,62,1
KS09,KSH,68560,2,62,1
KS09,KSH,68560,2,62,1
KS09,KSH,68560,2,62,3.6
KS09,KSH,68560,2,62,1
KS09,KSH,68560,2,62,4.3
KS09,KSH,68560,2,63,1
KS09,KSH,68560,2,64,1.1
KS09,KSH,68560,2,64,1.3
KS09,KSH,68560,2,64,1.3
KS09,KSH,68560,2,65,1
KS09,KSH,68560,2,65,1
KS09,KSH,68560,2,66,1
KS09,KSH,68560,2,68,1.5
KS09,KSH,68560,2,68,1
KS09,KSH,68560,2,68,1.9
KS09,KSH,68560,2,70,1
KS09,KSH,68560,2,71,2
KS09,KSH,68560,2,71,1
KS09,KSH,68560,2,71,1
KS09,KSH,68560,2,71,1
KS09,KSH,68560,2,71,1
KS09,KSH,68560,2,72,1
KS09,KSH,68560,2,72,2
KS09,KSH,68560,2,72,1
KS09,KSH,68560,2,72,1
KS09,KSH,68560,2,72,1
KS09,KSH,68560,2,72,1
KS09,KSH,68560,2,73,1.5
KS09,KSH,68560,2,74,3.8
KS09,KSH,68560,2,74,1
KS09,KSH,68560,2,74,1
KS09,KSH,68560,2,74,1
KS09,KSH,68560,2,74,1
KS09,KSH,68560,2,75,1
KS09,KSH,68560,2,75,1
KS09,KSH,68560,2,75,1
KS09,KSH,68560,2,76,1
KS09,KSH,68560,2,76,1
KS09,KSH,68560,2,76,1
KS09,KSH,68560,2,76,1.1
KS09,KSH,68560,2,76,2.2
KS09,KSH,68560,2,77,1
KS09,KSH,68560,2,77,1.5
KS09,KSH,68560,2,77,1
KS09,KSH,68560,2,77,1.4
KS09,KSH,68560,2,77,1
KS09,KSH,68560,2,77,1
KS09,KSH,68560,2,78,1
KS09,KSH,68560,2,78,1
KS09,KSH,68560,2,78,1
KS09,KSH,68560,2,78,3.6
KS09,KSH,68560,2,79,1
KS09,KSH,68560,2,79,1
KS09,KSH,68560,2,79,1.5
KS09,KSH,68560,2,79,1.5
KS09,KSH,68560,2,79,1
KS09,KSH,68560,2,79,1
KS09,KSH,68560,2,79,1
KS09,KSH,68560,2,79,1
KS09,KSH,68560,2,79,2
KS09,KSH,68560,2,80,1.4
KS09,KSH,68560,2,80,1
KS09,KSH,68560,2,80,1
KS09,KSH,68560,2,80,1
KS09,KSH,68560,2,80,1
KS09,KSH,68560,2,80,1
KS09,KSH,68560,2,80,1.2
KS09,KSH,68560,2,80,1
KS09,KSH,68560,2,80,1
KS09,KSH,68560,2,80,1
KS09,KSH,68560,2,80,1
KS09,KSH,68560,2,81,1
KS09,KSH,68560,2,81,1
KS09,KSH,68560,2,81,1
KS09,KSH,68560,2,81,1
KS09,KSH,68560,2,81,1
KS09,KSH,68560,2,81,1
KS09,KSH,68560,2,81,1
KS09,KSH,68560,2,81,5.2
KS09,KSH,68560,2,81,1
KS09,KSH,68560,2,81,1
KS09,KSH,68560,2,81,2.6
KS09,KSH,68560,2,81,1.4
KS09,KSH,68560,2,81,1
KS09,KSH,68560,2,81,1
KS09,KSH,68560,2,81,1
KS09,KSH,68560,2,81,1
KS09,KSH,68560,2,81,1.3
KS09,KSH,68560,2,81,1
KS09,KSH,68560,2,81,1
KS09,KSH,68560,2,82,1
KS09,KSH,68560,2,82,1.1
KS09,KSH,68560,2,82,1
KS09,KSH,68560,2,82,1.3
KS09,KSH,68560,2,82,1
KS09,KSH,68560,2,82,1
KS09,KSH,68560,2,82,1
KS09,KSH,68560,2,82,1
KS09,KSH,68560,2,82,1.9
KS09,KSH,68560,2,82,1
KS09,KSH,68560,2,83,1
KS09,KSH,68560,2,83,1
KS09,KSH,68560,2,83,1
KS09,KSH,68560,2,83,1
KS09,KSH,68560,2,83,1
KS09,KSH,68560,2,83,1
KS09,KSH,68560,2,83,1.7
KS09,KSH,68560,2,83,1
KS09,KSH,68560,2,83,1
KS09,KSH,68560,2,83,1
KS09,KSH,68560,2,83,1.4
KS09,KSH,68560,2,83,1
KS09,KSH,68560,2,83,1
KS09,KSH,68560,2,83,1
KS09,KSH,68560,2,83,1
KS09,KSH,68560,2,83,1
KS09,KSH,68560,2,83,1
KS09,KSH,68560,2,84,1
KS09,KSH,68560,2,84,1
KS09,KSH,68560,2,84,1
KS09,KSH,68560,2,84,1
KS09,KSH,68560,2,84,1.5
KS09,KSH,68560,2,84,1.4
KS09,KSH,68560,2,84,1
KS09,KSH,68560,2,84,1
KS09,KSH,68560,2,84,1
KS09,KSH,68560,2,84,1
KS09,KSH,68560,2,84,1
KS09,KSH,68560,2,84,1
KS09,KSH,68560,2,85,1
KS09,KSH,68560,2,85,1.4
KS09,KSH,68560,2,85,1
KS09,KSH,68560,2,85,1
KS09,KSH,68560,2,85,1
KS09,KSH,68560,2,85,1
KS09,KSH,68560,2,85,1
KS09,KSH,68560,2,85,1
KS09,KSH,68560,2,85,1
KS09,KSH,68560,2,85,1
KS09,KSH,68560,2,85,1
KS09,KSH,68560,2,85,1
KS09,KSH,68560,2,85,1
KS09,KSH,68560,2,85,1
KS09,KSH,68560,2,85,1.3
KS09,KSH,68560,2,85,1
KS09,KSH,68560,2,85,1
KS09,KSH,68560,2,85,1
KS09,KSH,68560,2,86,1.6
KS09,KSH,68560,2,86,1
KS09,KSH,68560,2,86,1
KS09,KSH,68560,2,86,1
KS09,KSH,68560,2,86,1
KS09,KSH,68560,2,86,1
KS09,KSH,68560,2,86,1.7
KS09,KSH,68560,2,86,1
KS09,KSH,68560,2,86,1
KS09,KSH,68560,2,86,1.1
KS09,KSH,68560,2,86,1
KS09,KSH,68560,2,86,1
KS09,KSH,68560,2,87,1
KS09,KSH,68560,2,87,1
KS09,KSH,68560,2,87,1.4
KS09,KSH,68560,2,87,1.6
KS09,KSH,68560,2,87,1
KS09,KSH,68560,2,87,3.8
KS09,KSH,68560,2,87,1
KS09,KSH,68560,2,87,1.3
KS09,KSH,68560,2,87,1
KS09,KSH,68560,2,87,1
KS09,KSH,68560,2,87,1
KS09,KSH,68560,2,87,1
KS09,KSH,68560,2,87,1
KS09,KSH,68560,2,88,1
KS09,KSH,68560,2,88,1
KS09,KSH,68560,2,88,1
KS09,KSH,68560,2,88,1
KS09,KSH,68560,2,88,1
KS09,KSH,68560,2,88,1.6
KS09,KSH,68560,2,88,1
KS09,KSH,68560,2,88,1
KS09,KSH,68560,2,88,1
KS09,KSH,68560,2,88,1.3
KS09,KSH,68560,2,89,1.4
KS09,KSH,68560,2,89,1
KS09,KSH,68560,2,89,1
KS09,KSH,68560,2,89,1
KS09,KSH,68560,2,89,1
KS09,KSH,68560,2,90,1
KS09,KSH,68560,2,90,1
KS09,KSH,68560,2,90,1
KS09,KSH,68560,2,90,1
KS09,KSH,68560,2,90,1
KS09,KSH,68560,2,90,1
KS09,KSH,68560,2,91,1
KS09,KSH,68560,2,92,1
KS09,KSH,68560,2,92,1
KS09,KSH,68560,2,92,2
KS09,KSH,68560,2,92,1.6
KS09,KSH,68560,2,92,1
KS09,KSH,68560,2,93,1
KS09,KSH,68560,2,93,1
KS09,KSH,68560,2,93,1
KS09,KSH,68560,2,93,1
KS09,KSH,68560,2,93,1.8
KS09,KSH,68560,2,94,1.6
KS09,KSH,68560,2,94,1
KS09,KSH,68560,2,95,1
KS09,KSH,68560,2,95,1.4
KS09,KSH,68560,2,96,1
KS09,KSH,68560,2,96,1
KS09,KSH,68560,2,96,1.5
KS09,KSH,68560,2,97,1
KS09,KSH,68560,2,97,2.1
KS09,KSH,68560,2,98,1
KS09,KSH,68560,2,100,1
KS09,KSH,68560,2,102,1
KS09,KSH,68560,2,106,1.1
KS09,KSH,68560,2,106,1
KS09,KSH,68560,2,110,1.5
KS09,KSH,68560,2,111,1.1
KS09,KSH,68560,2,141,1
KS09,KSW,68560,1,7,2.7
KS09,KSW,68560,1,10,2.7
KS09,KSW,68560,1,11,2.7
KS09,KSW,68560,1,12,3.8
KS09,KSW,68560,1,12,3.8
KS09,KSW,68560,1,15,9
KS09,KSW,68560,1,15,1
KS09,KSW,68560,1,16,3.8
KS09,KSW,68560,1,16,4.1
KS09,KSW,68560,1,16,9
KS09,KSW,68560,1,16,4.2
KS09,KSW,68560,1,17,10.8
KS09,KSW,68560,1,19,9
KS09,KSW,68560,1,21,10.8
KS09,KSW,68560,1,23,6.8
KS09,KSW,68560,1,26,10.8
KS09,KSW,68560,1,32,1
KS09,KSW,68560,1,38,12.7
KS09,KSW,68560,1,43,10.8
KS09,KSW,68560,1,47,6.8
KS09,KSW,68560,1,48,4.2
KS09,KSW,68560,1,49,8.3
KS09,KSW,68560,1,55,6.8
KS09,KSW,68560,1,59,4.2
KS09,KSW,68560,1,66,21.3
KS09,KSW,68560,1,77,21.3
KS09,KSW,68560,1,78,12.7
KS09,KSW,68560,1,84,12.7
KS09,KSW,68560,1,85,21.3
KS09,KSW,68560,1,86,4.2
KS09,KSW,68560,1,86,8.3
KS09,KSW,68560,1,87,21.3
KS09,KSW,68560,1,89,8.3
KS09,KSW,68560,1,89,8.3
KS09,KSW,68560,1,90,8.3
KS09,KSW,68560,1,90,8.3
KS09,KSW,68560,1,92,21.3
KS09,KSW,68560,1,92,8.3
KS09,KSW,68560,1,93,9
KS09,KSW,68560,1,93,12.7
KS09,KSW,68560,1,96,4.2
KS09,KSW,68560,1,96,21.3
KS09,KSW,68560,1,97,8.3
KS09,KSW,68560,1,103,21.3
KS09,KSW,68560,1,105,21.3
KS09,KSW,68560,1,108,8.3
KS09,KSW,68560,1,110,8.3
KS09,KSW,68560,1,123,6.8
KS09,KSW,68560,1,124,1
KS09,KSW,68560,1,127,4.1
KS09,KSW,68560,1,130,4.1
KS09,KSW,68560,1,142,21.3
KS09,KSW,68560,2,9,2.7
KS09,KSW,68560,2,10,10.8
KS09,KSW,68560,2,12,4.1
KS09,KSW,68560,2,12,10.8
KS09,KSW,68560,2,13,4.2
KS09,KSW,68560,2,15,12.7
KS09,KSW,68560,2,16,2.7
KS09,KSW,68560,2,17,2.7
KS09,KSW,68560,2,19,1
KS09,KSW,68560,2,19,2.7
KS09,KSW,68560,2,21,2.7
KS09,KSW,68560,2,22,1
KS09,KSW,68560,2,26,2.7
KS09,KSW,68560,2,28,2.7
KS09,KSW,68560,2,28,9
KS09,KSW,68560,2,29,9
KS09,KSW,68560,2,30,4.2
KS09,KSW,68560,2,30,10.8
KS09,KSW,68560,2,30,1
KS09,KSW,68560,2,31,1
KS09,KSW,68560,2,32,1
KS09,KSW,68560,2,33,6.8
KS09,KSW,68560,2,33,1
KS09,KSW,68560,2,34,4.2
KS09,KSW,68560,2,36,10.8
KS09,KSW,68560,2,37,4.2
KS09,KSW,68560,2,38,4.1
KS09,KSW,68560,2,41,10.8
KS09,KSW,68560,2,42,6.8
KS09,KSW,68560,2,46,12.7
KS09,KSW,68560,2,47,9
KS09,KSW,68560,2,47,4.2
KS09,KSW,68560,2,48,6.8
KS09,KSW,68560,2,49,9
KS09,KSW,68560,2,52,9
KS09,KSW,68560,2,55,10.8
KS09,KSW,68560,2,61,4.1
KS09,KSW,68560,2,68,21.3
KS09,KSW,68560,2,68,4.1
KS09,KSW,68560,2,69,3.8
KS09,KSW,68560,2,70,12.7
KS09,KSW,68560,2,73,9
KS09,KSW,68560,2,73,4.1
KS09,KSW,68560,2,75,6.8
KS09,KSW,68560,2,75,12.7
KS09,KSW,68560,2,76,12.7
KS09,KSW,68560,2,76,12.7
KS09,KSW,68560,2,79,1
KS09,KSW,68560,2,81,4.1
KS09,KSW,68560,2,81,4.1
KS09,KSW,68560,2,83,6.8
KS09,KSW,68560,2,91,1
OS09,O,68560,1,120,1
OS09,O,68560,2,19,1
QS09,Q,68541,1,38,1.7
QS09,Q,68541,1,42,2.3
QS09,Q,68541,1,43,2.3
QS09,Q,68541,1,43,3.4
QS09,Q,68541,1,45,3.7
QS09,Q,68541,1,51,1.9
QS09,Q,68541,1,56,1
QS09,Q,68541,1,59,2.3
QS09,Q,68541,1,60,3.6
QS09,Q,68541,1,60,1
QS09,Q,68541,1,60,1.9
QS09,Q,68541,1,61,1
QS09,Q,68541,1,61,3.1
QS09,Q,68541,1,61,2.3
QS09,Q,68541,1,62,2.1
QS09,Q,68541,1,62,2.6
QS09,Q,68541,1,62,1
QS09,Q,68541,1,62,2.4
QS09,Q,68541,1,62,3.1
QS09,Q,68541,1,62,2.1
QS09,Q,68541,1,63,5.6
QS09,Q,68541,1,63,3.4
QS09,Q,68541,1,63,2.7
QS09,Q,68541,1,63,1.4
QS09,Q,68541,1,63,2.3
QS09,Q,68541,1,63,1.9
QS09,Q,68541,1,63,2.4
QS09,Q,68541,1,64,2
QS09,Q,68541,1,64,2.6
QS09,Q,68541,1,64,2.1
QS09,Q,68541,1,64,2.4
QS09,Q,68541,1,64,3.1
QS09,Q,68541,1,64,2.7
QS09,Q,68541,1,64,5.4
QS09,Q,68541,1,65,2.1
QS09,Q,68541,1,65,1.9
QS09,Q,68541,1,65,2.6
QS09,Q,68541,1,65,1
QS09,Q,68541,1,65,1.9
QS09,Q,68541,1,66,4.4
QS09,Q,68541,1,66,2.1
QS09,Q,68541,1,66,1
QS09,Q,68541,1,66,1.8
QS09,Q,68541,1,66,2.1
QS09,Q,68541,1,66,3
QS09,Q,68541,1,67,2.8
QS09,Q,68541,1,67,3
QS09,Q,68541,1,67,1.9
QS09,Q,68541,1,67,1.8
QS09,Q,68541,1,67,4.4
QS09,Q,68541,1,67,4.4
QS09,Q,68541,1,67,4.4
QS09,Q,68541,1,67,1.6
QS09,Q,68541,1,67,1
QS09,Q,68541,1,67,1
QS09,Q,68541,1,67,2.6
QS09,Q,68541,1,68,5.2
QS09,Q,68541,1,68,3.7
QS09,Q,68541,1,68,1
QS09,Q,68541,1,68,2.6
QS09,Q,68541,1,68,2.1
QS09,Q,68541,1,68,1.6
QS09,Q,68541,1,68,3.6
QS09,Q,68541,1,68,2.1
QS09,Q,68541,1,68,1
QS09,Q,68541,1,68,2.1
QS09,Q,68541,1,68,2.7
QS09,Q,68541,1,68,2.1
QS09,Q,68541,1,68,2.1
QS09,Q,68541,1,68,1.2
QS09,Q,68541,1,69,3
QS09,Q,68541,1,69,1.6
QS09,Q,68541,1,69,1.9
QS09,Q,68541,1,69,1.9
QS09,Q,68541,1,69,1.2
QS09,Q,68541,1,69,2.4
QS09,Q,68541,1,69,3.4
QS09,Q,68541,1,69,3.7
QS09,Q,68541,1,69,2.1
QS09,Q,68541,1,69,2.1
QS09,Q,68541,1,69,1
QS09,Q,68541,1,69,2.1
QS09,Q,68541,1,69,1.5
QS09,Q,68541,1,70,1.9
QS09,Q,68541,1,70,3.9
QS09,Q,68541,1,70,4.4
QS09,Q,68541,1,70,3.4
QS09,Q,68541,1,70,1.8
QS09,Q,68541,1,70,1.8
QS09,Q,68541,1,71,4.4
QS09,Q,68541,1,71,1.6
QS09,Q,68541,1,71,1
QS09,Q,68541,1,71,1
QS09,Q,68541,1,71,1.7
QS09,Q,68541,1,71,1.2
QS09,Q,68541,1,71,2.1
QS09,Q,68541,1,71,2.6
QS09,Q,68541,1,71,5.2
QS09,Q,68541,1,71,4.5
QS09,Q,68541,1,71,1.4
QS09,Q,68541,1,71,1.3
QS09,Q,68541,1,71,1.3
QS09,Q,68541,1,71,1.9
QS09,Q,68541,1,71,1
QS09,Q,68541,1,71,5.4
QS09,Q,68541,1,71,2.4
QS09,Q,68541,1,72,2.3
QS09,Q,68541,1,72,1.9
QS09,Q,68541,1,72,2.6
QS09,Q,68541,1,72,3.7
QS09,Q,68541,1,72,1.8
QS09,Q,68541,1,72,1.9
QS09,Q,68541,1,72,4.2
QS09,Q,68541,1,72,1.6
QS09,Q,68541,1,72,1.6
QS09,Q,68541,1,72,2.1
QS09,Q,68541,1,72,2.7
QS09,Q,68541,1,72,3.7
QS09,Q,68541,1,72,1
QS09,Q,68541,1,73,1
QS09,Q,68541,1,73,3
QS09,Q,68541,1,73,2.7
QS09,Q,68541,1,73,2.1
QS09,Q,68541,1,73,2.1
QS09,Q,68541,1,73,2.4
QS09,Q,68541,1,73,3.6
QS09,Q,68541,1,73,1
QS09,Q,68541,1,73,2.1
QS09,Q,68541,1,73,1.9
QS09,Q,68541,1,73,1
QS09,Q,68541,1,73,1
QS09,Q,68541,1,73,2.4
QS09,Q,68541,1,74,1.4
QS09,Q,68541,1,74,2.4
QS09,Q,68541,1,74,2.1
QS09,Q,68541,1,74,1.8
QS09,Q,68541,1,74,1.5
QS09,Q,68541,1,74,1.9
QS09,Q,68541,1,74,1.8
QS09,Q,68541,1,75,1.2
QS09,Q,68541,1,75,1.4
QS09,Q,68541,1,75,2.1
QS09,Q,68541,1,75,1
QS09,Q,68541,1,75,2
QS09,Q,68541,1,75,2.1
QS09,Q,68541,1,75,1.8
QS09,Q,68541,1,76,2.1
QS09,Q,68541,1,76,1.8
QS09,Q,68541,1,76,1
QS09,Q,68541,1,77,2.4
QS09,Q,68541,1,77,1
QS09,Q,68541,1,77,2.6
QS09,Q,68541,1,77,4.7
QS09,Q,68541,1,79,2.1
QS09,Q,68541,1,79,3.1
QS09,Q,68541,1,80,1.8
QS09,Q,68541,1,80,2.1
QS09,Q,68541,1,80,1.5
QS09,Q,68541,1,80,3.4
QS09,Q,68541,1,80,2.1
QS09,Q,68541,1,81,1.4
QS09,Q,68541,1,81,5.6
QS09,Q,68541,1,81,1
QS09,Q,68541,1,81,1.2
QS09,Q,68541,1,81,3.4
QS09,Q,68541,1,81,5.2
QS09,Q,68541,1,81,2
QS09,Q,68541,1,81,2.6
QS09,Q,68541,1,81,1.4
QS09,Q,68541,1,81,3.6
QS09,Q,68541,1,81,1
QS09,Q,68541,1,81,1
QS09,Q,68541,1,81,4.3
QS09,Q,68541,1,81,2.4
QS09,Q,68541,1,82,1.3
QS09,Q,68541,1,82,1
QS09,Q,68541,1,82,1
QS09,Q,68541,1,82,3
QS09,Q,68541,1,82,1.9
QS09,Q,68541,1,82,1
QS09,Q,68541,1,83,3.7
QS09,Q,68541,1,83,2.4
QS09,Q,68541,1,83,1
QS09,Q,68541,1,83,1.8
QS09,Q,68541,1,83,1.7
QS09,Q,68541,1,83,1.4
QS09,Q,68541,1,83,2
QS09,Q,68541,1,83,2.8
QS09,Q,68541,1,84,1.8
QS09,Q,68541,1,84,3
QS09,Q,68541,1,84,5.6
QS09,Q,68541,1,84,1.3
QS09,Q,68541,1,84,1
QS09,Q,68541,1,84,1.6
QS09,Q,68541,1,85,1.5
QS09,Q,68541,1,85,3.1
QS09,Q,68541,1,85,2.1
QS09,Q,68541,1,85,3.6
QS09,Q,68541,1,85,1.5
QS09,Q,68541,1,85,4.7
QS09,Q,68541,1,85,2.3
QS09,Q,68541,1,86,2.8
QS09,Q,68541,1,86,3
QS09,Q,68541,1,86,1
QS09,Q,68541,1,86,1.8
QS09,Q,68541,1,86,1.9
QS09,Q,68541,1,86,1.5
QS09,Q,68541,1,86,1.6
QS09,Q,68541,1,86,2.4
QS09,Q,68541,1,86,2
QS09,Q,68541,1,87,1
QS09,Q,68541,1,87,3.6
QS09,Q,68541,1,87,2.1
QS09,Q,68541,1,87,2.1
QS09,Q,68541,1,87,1.6
QS09,Q,68541,1,87,1.8
QS09,Q,68541,1,87,1.8
QS09,Q,68541,1,87,2.1
QS09,Q,68541,1,87,1.8
QS09,Q,68541,1,87,4.7
QS09,Q,68541,1,87,1.7
QS09,Q,68541,1,87,3
QS09,Q,68541,1,88,1
QS09,Q,68541,1,88,1
QS09,Q,68541,1,88,1.4
QS09,Q,68541,1,88,2.1
QS09,Q,68541,1,89,5.8
QS09,Q,68541,1,89,3.1
QS09,Q,68541,1,89,3
QS09,Q,68541,1,89,3.7
QS09,Q,68541,1,89,2
QS09,Q,68541,1,90,3.4
QS09,Q,68541,1,90,2.1
QS09,Q,68541,1,90,4.5
QS09,Q,68541,1,91,4.5
QS09,Q,68541,1,91,5.6
QS09,Q,68541,1,91,3.7
QS09,Q,68541,1,91,3
QS09,Q,68541,1,91,2.1
QS09,Q,68541,1,91,2.1
QS09,Q,68541,1,91,2.8
QS09,Q,68541,1,91,1.7
QS09,Q,68541,1,91,1
QS09,Q,68541,1,92,2.8
QS09,Q,68541,1,92,1.8
QS09,Q,68541,1,92,1
QS09,Q,68541,1,92,1.8
QS09,Q,68541,1,92,5.4
QS09,Q,68541,1,92,1.5
QS09,Q,68541,1,92,2.6
QS09,Q,68541,1,92,1
QS09,Q,68541,1,93,3
QS09,Q,68541,1,93,5.2
QS09,Q,68541,1,93,3.6
QS09,Q,68541,1,93,3.4
QS09,Q,68541,1,93,3.7
QS09,Q,68541,1,93,3
QS09,Q,68541,1,93,3.9
QS09,Q,68541,1,94,1.9
QS09,Q,68541,1,94,1.7
QS09,Q,68541,1,94,4.5
QS09,Q,68541,1,94,3
QS09,Q,68541,1,94,1.8
QS09,Q,68541,1,95,2.6
QS09,Q,68541,1,95,1
QS09,Q,68541,1,95,3.9
QS09,Q,68541,1,95,2.3
QS09,Q,68541,1,95,1.3
QS09,Q,68541,1,95,2.1
QS09,Q,68541,1,96,3.4
QS09,Q,68541,1,96,3.4
QS09,Q,68541,1,96,1.9
QS09,Q,68541,1,96,3.4
QS09,Q,68541,1,97,5.8
QS09,Q,68541,1,97,2.3
QS09,Q,68541,1,98,2
QS09,Q,68541,1,98,2
QS09,Q,68541,1,98,1
QS09,Q,68541,1,98,3.1
QS09,Q,68541,1,98,1
QS09,Q,68541,1,98,1
QS09,Q,68541,1,99,3
QS09,Q,68541,1,99,3.9
QS09,Q,68541,1,99,3.7
QS09,Q,68541,1,99,2.1
QS09,Q,68541,1,99,4.3
QS09,Q,68541,1,99,2.1
QS09,Q,68541,1,99,1.2
QS09,Q,68541,1,99,1
QS09,Q,68541,1,99,1.3
QS09,Q,68541,1,99,5.2
QS09,Q,68541,1,100,3.1
QS09,Q,68541,1,100,3.4
QS09,Q,68541,1,100,1
QS09,Q,68541,1,100,3.7
QS09,Q,68541,1,100,2.1
QS09,Q,68541,1,100,3.6
QS09,Q,68541,1,100,1.2
QS09,Q,68541,1,100,3.9
QS09,Q,68541,1,100,4.2
QS09,Q,68541,1,100,3.1
QS09,Q,68541,1,101,3.7
QS09,Q,68541,1,101,2.8
QS09,Q,68541,1,101,3
QS09,Q,68541,1,101,1.5
QS09,Q,68541,1,101,2
QS09,Q,68541,1,101,4.4
QS09,Q,68541,1,101,1.2
QS09,Q,68541,1,101,2.3
QS09,Q,68541,1,102,2.6
QS09,Q,68541,1,102,1
QS09,Q,68541,1,102,2
QS09,Q,68541,1,102,1.4
QS09,Q,68541,1,102,2.4
QS09,Q,68541,1,102,1.8
QS09,Q,68541,1,102,2.1
QS09,Q,68541,1,102,1.8
QS09,Q,68541,1,103,5.6
QS09,Q,68541,1,103,2.1
QS09,Q,68541,1,103,5.4
QS09,Q,68541,1,103,2.3
QS09,Q,68541,1,103,2.1
QS09,Q,68541,1,103,3.7
QS09,Q,68541,1,103,2.7
QS09,Q,68541,1,103,3
QS09,Q,68541,1,104,1
QS09,Q,68541,1,104,1
QS09,Q,68541,1,104,1.8
QS09,Q,68541,1,104,3.4
QS09,Q,68541,1,104,4.4
QS09,Q,68541,1,104,2.4
QS09,Q,68541,1,104,2.6
QS09,Q,68541,1,104,2.7
QS09,Q,68541,1,105,2.1
QS09,Q,68541,1,105,2.1
QS09,Q,68541,1,105,2.1
QS09,Q,68541,1,105,2
QS09,Q,68541,1,105,2.6
QS09,Q,68541,1,105,2.4
QS09,Q,68541,1,105,3.7
QS09,Q,68541,1,105,2.4
QS09,Q,68541,1,105,1.8
QS09,Q,68541,1,105,5.8
QS09,Q,68541,1,105,1
QS09,Q,68541,1,106,5.2
QS09,Q,68541,1,106,2.1
QS09,Q,68541,1,106,4.2
QS09,Q,68541,1,106,2.1
QS09,Q,68541,1,106,4.4
QS09,Q,68541,1,106,1.2
QS09,Q,68541,1,106,1.8
QS09,Q,68541,1,106,2
QS09,Q,68541,1,107,2.8
QS09,Q,68541,1,107,4.2
QS09,Q,68541,1,107,1.3
QS09,Q,68541,1,107,1
QS09,Q,68541,1,107,1
QS09,Q,68541,1,107,2.7
QS09,Q,68541,1,107,1.3
QS09,Q,68541,1,107,1
QS09,Q,68541,1,107,1.8
QS09,Q,68541,1,107,4.3
QS09,Q,68541,1,107,1
QS09,Q,68541,1,107,2
QS09,Q,68541,1,107,1
QS09,Q,68541,1,107,4.5
QS09,Q,68541,1,108,1
QS09,Q,68541,1,108,4.3
QS09,Q,68541,1,108,1.8
QS09,Q,68541,1,108,3.1
QS09,Q,68541,1,108,2.4
QS09,Q,68541,1,108,1.5
QS09,Q,68541,1,108,2.1
QS09,Q,68541,1,108,2.1
QS09,Q,68541,1,109,1.6
QS09,Q,68541,1,109,2.4
QS09,Q,68541,1,109,3.4
QS09,Q,68541,1,109,1.4
QS09,Q,68541,1,109,2.4
QS09,Q,68541,1,109,1.8
QS09,Q,68541,1,109,5.2
QS09,Q,68541,1,109,3.9
QS09,Q,68541,1,109,5.4
QS09,Q,68541,1,109,3.4
QS09,Q,68541,1,109,2.4
QS09,Q,68541,1,109,1
QS09,Q,68541,1,109,1
QS09,Q,68541,1,109,3.4
QS09,Q,68541,1,109,3.4
QS09,Q,68541,1,110,3.4
QS09,Q,68541,1,110,3.1
QS09,Q,68541,1,110,1
QS09,Q,68541,1,110,5.8
QS09,Q,68541,1,110,2.1
QS09,Q,68541,1,110,1.3
QS09,Q,68541,1,110,1.9
QS09,Q,68541,1,111,3
QS09,Q,68541,1,111,4.5
QS09,Q,68541,1,111,1.8
QS09,Q,68541,1,111,1
QS09,Q,68541,1,111,5.6
QS09,Q,68541,1,111,2
QS09,Q,68541,1,111,2.4
QS09,Q,68541,1,111,4.2
QS09,Q,68541,1,111,2.8
QS09,Q,68541,1,111,3.1
QS09,Q,68541,1,112,2.3
QS09,Q,68541,1,112,2.1
QS09,Q,68541,1,112,1
QS09,Q,68541,1,112,4.5
QS09,Q,68541,1,112,1.8
QS09,Q,68541,1,112,1.5
QS09,Q,68541,1,113,2.8
QS09,Q,68541,1,113,5.2
QS09,Q,68541,1,113,3.1
QS09,Q,68541,1,113,3.1
QS09,Q,68541,1,113,3.1
QS09,Q,68541,1,113,2.3
QS09,Q,68541,1,114,1.9
QS09,Q,68541,1,114,5.8
QS09,Q,68541,1,114,3.4
QS09,Q,68541,1,114,3.4
QS09,Q,68541,1,115,2.1
QS09,Q,68541,1,115,4.7
QS09,Q,68541,1,115,2.7
QS09,Q,68541,1,115,5.8
QS09,Q,68541,1,116,1.9
QS09,Q,68541,1,116,1
QS09,Q,68541,1,116,3.1
QS09,Q,68541,1,116,3.7
QS09,Q,68541,1,116,2
QS09,Q,68541,1,116,1
QS09,Q,68541,1,116,3
QS09,Q,68541,1,116,1.9
QS09,Q,68541,1,117,1.2
QS09,Q,68541,1,117,3.4
QS09,Q,68541,1,117,1
QS09,Q,68541,1,117,1.9
QS09,Q,68541,1,117,2.4
QS09,Q,68541,1,117,1.8
QS09,Q,68541,1,117,4.3
QS09,Q,68541,1,117,3.4
QS09,Q,68541,1,118,3.1
QS09,Q,68541,1,118,2.4
QS09,Q,68541,1,119,2.1
QS09,Q,68541,1,119,3
QS09,Q,68541,1,119,2.4
QS09,Q,68541,1,119,5.8
QS09,Q,68541,1,119,3.7
QS09,Q,68541,1,120,3.4
QS09,Q,68541,1,120,1.7
QS09,Q,68541,1,120,3.1
QS09,Q,68541,1,120,2.4
QS09,Q,68541,1,120,3.4
QS09,Q,68541,1,120,3.7
QS09,Q,68541,1,120,4.2
QS09,Q,68541,1,120,3.9
QS09,Q,68541,1,121,2
QS09,Q,68541,1,121,2.7
QS09,Q,68541,1,122,4.5
QS09,Q,68541,1,122,3.1
QS09,Q,68541,1,123,2.1
QS09,Q,68541,1,124,4.7
QS09,Q,68541,1,124,1.9
QS09,Q,68541,1,124,5.8
QS09,Q,68541,1,125,3
QS09,Q,68541,1,125,2.6
QS09,Q,68541,1,125,3.6
QS09,Q,68541,1,126,2.3
QS09,Q,68541,1,126,1.9
QS09,Q,68541,1,126,4.5
QS09,Q,68541,1,126,5.4
QS09,Q,68541,1,126,4.3
QS09,Q,68541,1,127,2.4
QS09,Q,68541,1,128,3
QS09,Q,68541,1,128,5.8
QS09,Q,68541,1,128,3.1
QS09,Q,68541,1,129,3.4
QS09,Q,68541,1,130,4.2
QS09,Q,68541,1,130,3.7
QS09,Q,68541,1,130,2.1
QS09,Q,68541,1,130,2.6
QS09,Q,68541,1,130,2.3
QS09,Q,68541,1,130,2.4
QS09,Q,68541,1,131,2.3
QS09,Q,68541,1,131,3.1
QS09,Q,68541,1,131,5.8
QS09,Q,68541,1,133,5.4
QS09,Q,68541,1,142,3.4
QS09,Q,68541,1,146,2.6
QS09,Q,68541,1,149,1.9
QS09,Q,68541,1,149,1.9
QS09,Q,68541,1,150,5.4
QS09,Q,68541,1,154,3.1
QS09,Q,68541,2,41,3
QS09,Q,68541,2,46,4.7
QS09,Q,68541,2,47,2.3
QS09,Q,68541,2,48,1.9
QS09,Q,68541,2,52,1
QS09,Q,68541,2,61,3
QS09,Q,68541,2,61,1.9
QS09,Q,68541,2,61,1.9
QS09,Q,68541,2,61,5.6
QS09,Q,68541,2,62,4.2
QS09,Q,68541,2,63,2
QS09,Q,68541,2,65,4.5
QS09,Q,68541,2,66,5.2
QS09,Q,68541,2,66,2.4
QS09,Q,68541,2,66,5.4
QS09,Q,68541,2,67,1.3
QS09,Q,68541,2,69,5.6
QS09,Q,68541,2,69,1.7
QS09,Q,68541,2,69,3.4
QS09,Q,68541,2,70,3.4
QS09,Q,68541,2,71,1
QS09,Q,68541,2,71,3.9
QS09,Q,68541,2,71,1
QS09,Q,68541,2,72,3.4
QS09,Q,68541,2,72,1.9
QS09,Q,68541,2,76,2.3
QS09,Q,68541,2,76,3.1
QS09,Q,68541,2,77,2.8
QS09,Q,68541,2,77,1.9
QS09,Q,68541,2,79,4.7
QS09,Q,68541,2,81,2.3
QS09,Q,68541,2,81,2.3
QS09,Q,68541,2,83,1.9
QS09,Q,68541,2,83,1
QS09,Q,68541,2,83,1.9
QS09,Q,68541,2,84,3.9
QS09,Q,68541,2,85,1.9
QS09,Q,68541,2,85,1
QS09,Q,68541,2,86,2.1
QS09,Q,68541,2,86,4.2
QS09,Q,68541,2,87,1.9
QS09,Q,68541,2,87,3.7
QS09,Q,68541,2,87,2
QS09,Q,68541,2,88,2.1
QS09,Q,68541,2,89,2.4
QS09,Q,68541,2,90,1.7
QS09,Q,68541,2,90,4.2
QS09,Q,68541,2,91,5.4
QS09,Q,68541,2,91,5.6
QS09,Q,68541,2,91,1.9
QS09,Q,68541,2,91,2.1
QS09,Q,68541,2,91,3.1
QS09,Q,68541,2,92,4.7
QS09,Q,68541,2,92,2.1
QS09,Q,68541,2,93,4.3
QS09,Q,68541,2,94,2.1
QS09,Q,68541,2,94,1
QS09,Q,68541,2,94,2
QS09,Q,68541,2,94,2.6
QS09,Q,68541,2,95,4.7
QS09,Q,68541,2,96,3
QS09,Q,68541,2,96,3.7
QS09,Q,68541,2,98,4.4
QS09,Q,68541,2,98,4.3
QS09,Q,68541,2,99,2.6
QS09,Q,68541,2,99,3.1
QS09,Q,68541,2,100,2
QS09,Q,68541,2,105,5.2
QS09,Q,68541,2,106,2.1
QS09,Q,68541,2,112,1.7
QS09,Q,68541,2,115,3.1
QS09,Q,68541,2,122,1.9
QS09,Q,68541,2,124,3.6
QS09,Q,68541,2,127,3.1
QS09,Q,68541,2,130,3.4
QS09,Q,68541,2,136,5.6
QS09,Q,68560,1,12,1.4
QS09,Q,68560,1,13,1
QS09,Q,68560,1,15,1
QS09,Q,68560,1,15,1.4
QS09,Q,68560,1,18,1
QS09,Q,68560,1,18,1
QS09,Q,68560,1,19,1.9
QS09,Q,68560,1,19,1.9
QS09,Q,68560,1,21,1
QS09,Q,68560,1,21,1
QS09,Q,68560,1,24,1
QS09,Q,68560,1,26,1
QS09,Q,68560,1,27,1.9
QS09,Q,68560,1,27,1
QS09,Q,68560,1,31,1
QS09,Q,68560,1,33,7.1
QS09,Q,68560,1,34,2.1
QS09,Q,68560,1,34,1
QS09,Q,68560,1,34,2
QS09,Q,68560,1,35,2
QS09,Q,68560,1,35,4
QS09,Q,68560,1,35,3.5
QS09,Q,68560,1,36,2
QS09,Q,68560,1,36,2.8
QS09,Q,68560,1,38,3.6
QS09,Q,68560,1,39,1
QS09,Q,68560,1,40,1
QS09,Q,68560,1,41,3.6
QS09,Q,68560,1,41,1
QS09,Q,68560,1,42,1
QS09,Q,68560,1,43,1
QS09,Q,68560,1,43,1.6
QS09,Q,68560,1,44,4.3
QS09,Q,68560,1,45,1
QS09,Q,68560,1,45,2
QS09,Q,68560,1,46,4
QS09,Q,68560,1,46,3.6
QS09,Q,68560,1,46,1
QS09,Q,68560,1,46,1
QS09,Q,68560,1,49,1
QS09,Q,68560,1,49,1
QS09,Q,68560,1,50,1
QS09,Q,68560,1,51,2.2
QS09,Q,68560,1,51,1
QS09,Q,68560,1,53,2.5
QS09,Q,68560,1,55,2.9
QS09,Q,68560,1,56,1
QS09,Q,68560,1,57,7.1
QS09,Q,68560,1,57,1
QS09,Q,68560,1,59,3.6
QS09,Q,68560,1,59,1.2
QS09,Q,68560,1,59,3.5
QS09,Q,68560,1,60,1.9
QS09,Q,68560,1,61,1
QS09,Q,68560,1,61,3.6
QS09,Q,68560,1,61,3.8
QS09,Q,68560,1,63,3.5
QS09,Q,68560,1,64,1
QS09,Q,68560,1,64,1.9
QS09,Q,68560,1,65,1
QS09,Q,68560,1,66,1
QS09,Q,68560,1,66,3.6
QS09,Q,68560,1,66,5.1
QS09,Q,68560,1,67,2
QS09,Q,68560,1,69,1
QS09,Q,68560,1,70,2.4
QS09,Q,68560,1,70,1.6
QS09,Q,68560,1,70,1.4
QS09,Q,68560,1,71,2.5
QS09,Q,68560,1,71,2
QS09,Q,68560,1,72,1
QS09,Q,68560,1,72,1
QS09,Q,68560,1,72,1
QS09,Q,68560,1,72,3.6
QS09,Q,68560,1,72,1.3
QS09,Q,68560,1,73,6.9
QS09,Q,68560,1,74,4.3
QS09,Q,68560,1,75,2.8
QS09,Q,68560,1,75,1
QS09,Q,68560,1,76,2.3
QS09,Q,68560,1,78,6.4
QS09,Q,68560,1,78,2.5
QS09,Q,68560,1,78,1.5
QS09,Q,68560,1,79,1.3
QS09,Q,68560,1,79,4.3
QS09,Q,68560,1,80,3.5
QS09,Q,68560,1,80,1.2
QS09,Q,68560,1,81,1
QS09,Q,68560,1,81,3.6
QS09,Q,68560,1,82,6.1
QS09,Q,68560,1,83,1.6
QS09,Q,68560,1,83,3.1
QS09,Q,68560,1,83,4
QS09,Q,68560,1,83,4.7
QS09,Q,68560,1,84,2.3
QS09,Q,68560,1,84,1.4
QS09,Q,68560,1,85,1.2
QS09,Q,68560,1,85,2.9
QS09,Q,68560,1,85,2.3
QS09,Q,68560,1,86,4.7
QS09,Q,68560,1,86,4.3
QS09,Q,68560,1,86,1
QS09,Q,68560,1,87,2
QS09,Q,68560,1,87,4.7
QS09,Q,68560,1,87,2
QS09,Q,68560,1,91,2.1
QS09,Q,68560,1,91,6.4
QS09,Q,68560,1,92,1.4
QS09,Q,68560,1,92,2.1
QS09,Q,68560,1,92,1
QS09,Q,68560,1,92,2.5
QS09,Q,68560,1,93,1
QS09,Q,68560,1,93,3.8
QS09,Q,68560,1,93,3.1
QS09,Q,68560,1,93,1
QS09,Q,68560,1,93,1.4
QS09,Q,68560,1,93,7.1
QS09,Q,68560,1,93,3.6
QS09,Q,68560,1,94,4
QS09,Q,68560,1,94,1
QS09,Q,68560,1,94,3.6
QS09,Q,68560,1,94,7.1
QS09,Q,68560,1,94,7.1
QS09,Q,68560,1,95,1
QS09,Q,68560,1,95,2.3
QS09,Q,68560,1,95,1.8
QS09,Q,68560,1,96,1
QS09,Q,68560,1,96,2.3
QS09,Q,68560,1,96,5.1
QS09,Q,68560,1,96,1.6
QS09,Q,68560,1,96,1.6
QS09,Q,68560,1,96,3.6
QS09,Q,68560,1,97,2.8
QS09,Q,68560,1,97,1.8
QS09,Q,68560,1,98,2
QS09,Q,68560,1,98,1.5
QS09,Q,68560,1,98,4.3
QS09,Q,68560,1,98,2.3
QS09,Q,68560,1,99,1.4
QS09,Q,68560,1,99,1
QS09,Q,68560,1,99,2
QS09,Q,68560,1,99,2
QS09,Q,68560,1,99,6.3
QS09,Q,68560,1,99,2.1
QS09,Q,68560,1,100,2.2
QS09,Q,68560,1,100,1.6
QS09,Q,68560,1,100,3.8
QS09,Q,68560,1,100,3.1
QS09,Q,68560,1,100,1
QS09,Q,68560,1,100,1.4
QS09,Q,68560,1,101,2.9
QS09,Q,68560,1,102,4.3
QS09,Q,68560,1,103,1.4
QS09,Q,68560,1,103,1
QS09,Q,68560,1,103,2.2
QS09,Q,68560,1,104,2.3
QS09,Q,68560,1,105,3.6
QS09,Q,68560,1,105,1.6
QS09,Q,68560,1,105,6.1
QS09,Q,68560,1,105,7.1
QS09,Q,68560,1,106,1.8
QS09,Q,68560,1,106,2.8
QS09,Q,68560,1,107,7.1
QS09,Q,68560,1,107,7.1
QS09,Q,68560,1,107,2.3
QS09,Q,68560,1,107,1.6
QS09,Q,68560,1,107,1.6
QS09,Q,68560,1,108,1.8
QS09,Q,68560,1,108,1.4
QS09,Q,68560,1,108,1.5
QS09,Q,68560,1,108,1.6
QS09,Q,68560,1,108,6.3
QS09,Q,68560,1,108,2.4
QS09,Q,68560,1,109,2.3
QS09,Q,68560,1,109,2.3
QS09,Q,68560,1,110,2.6
QS09,Q,68560,1,110,1
QS09,Q,68560,1,110,2.8
QS09,Q,68560,1,110,2.8
QS09,Q,68560,1,111,1.6
QS09,Q,68560,1,112,2.3
QS09,Q,68560,1,112,1.3
QS09,Q,68560,1,112,2.4
QS09,Q,68560,1,113,3.8
QS09,Q,68560,1,113,3.8
QS09,Q,68560,1,113,1
QS09,Q,68560,1,113,2.8
QS09,Q,68560,1,113,2.8
QS09,Q,68560,1,113,1
QS09,Q,68560,1,113,1
QS09,Q,68560,1,114,3.5
QS09,Q,68560,1,114,2
QS09,Q,68560,1,115,1.4
QS09,Q,68560,1,115,1
QS09,Q,68560,1,115,4.7
QS09,Q,68560,1,116,3.8
QS09,Q,68560,1,116,1.5
QS09,Q,68560,1,116,1
QS09,Q,68560,1,116,1.4
QS09,Q,68560,1,116,4
QS09,Q,68560,1,117,3.8
QS09,Q,68560,1,117,1
QS09,Q,68560,1,118,5.1
QS09,Q,68560,1,119,1.8
QS09,Q,68560,1,119,1.2
QS09,Q,68560,1,120,4.3
QS09,Q,68560,1,120,2
QS09,Q,68560,1,120,1.9
QS09,Q,68560,1,121,6.3
QS09,Q,68560,1,121,6.3
QS09,Q,68560,1,121,2.4
QS09,Q,68560,1,121,6.1
QS09,Q,68560,1,121,2.3
QS09,Q,68560,1,121,2.3
QS09,Q,68560,1,122,2.1
QS09,Q,68560,1,122,2.6
QS09,Q,68560,1,123,1.3
QS09,Q,68560,1,123,5.1
QS09,Q,68560,1,123,2.3
QS09,Q,68560,1,124,2.3
QS09,Q,68560,1,124,6.9
QS09,Q,68560,1,124,1
QS09,Q,68560,1,124,1.5
QS09,Q,68560,1,124,1.6
QS09,Q,68560,1,125,3.8
QS09,Q,68560,1,126,3.1
QS09,Q,68560,1,126,2
QS09,Q,68560,1,126,1
QS09,Q,68560,1,126,2.3
QS09,Q,68560,1,127,4.7
QS09,Q,68560,1,128,2.1
QS09,Q,68560,1,128,1.6
QS09,Q,68560,1,129,2.9
QS09,Q,68560,1,130,1.3
QS09,Q,68560,1,131,1
QS09,Q,68560,1,131,1.9
QS09,Q,68560,1,132,1.9
QS09,Q,68560,1,132,3.5
QS09,Q,68560,1,134,2.3
QS09,Q,68560,1,134,2.1
QS09,Q,68560,1,134,2.3
QS09,Q,68560,1,134,1.8
QS09,Q,68560,1,135,4.3
QS09,Q,68560,1,135,2
QS09,Q,68560,1,136,5.1
QS09,Q,68560,1,136,1.4
QS09,Q,68560,1,136,1.8
QS09,Q,68560,1,137,2
QS09,Q,68560,1,137,2.8
QS09,Q,68560,1,137,3.6
QS09,Q,68560,1,139,2.5
QS09,Q,68560,1,139,6.3
QS09,Q,68560,1,140,1.3
QS09,Q,68560,1,140,1.6
QS09,Q,68560,1,141,2.6
QS09,Q,68560,1,141,3.8
QS09,Q,68560,1,141,4.7
QS09,Q,68560,1,142,3.8
QS09,Q,68560,1,142,2.1
QS09,Q,68560,1,144,5.1
QS09,Q,68560,1,145,4.7
QS09,Q,68560,1,145,2.6
QS09,Q,68560,1,146,1
QS09,Q,68560,1,147,3.1
QS09,Q,68560,1,151,7.1
QS09,Q,68560,1,152,2.3
QS09,Q,68560,1,153,1.3
QS09,Q,68560,1,154,3.5
QS09,Q,68560,1,155,2.9
QS09,Q,68560,1,156,3.5
QS09,Q,68560,1,156,4.7
QS09,Q,68560,1,157,1.4
QS09,Q,68560,1,160,6.9
QS09,Q,68560,1,162,2.3
QS09,Q,68560,1,165,1.4
QS09,Q,68560,1,169,1.6
QS09,Q,68560,2,13,1
QS09,Q,68560,2,17,1
QS09,Q,68560,2,17,1.4
QS09,Q,68560,2,17,1
QS09,Q,68560,2,18,2.2
QS09,Q,68560,2,19,1
QS09,Q,68560,2,19,1
QS09,Q,68560,2,19,1.4
QS09,Q,68560,2,20,2.2
QS09,Q,68560,2,20,1.4
QS09,Q,68560,2,21,1
QS09,Q,68560,2,21,1
QS09,Q,68560,2,24,1
QS09,Q,68560,2,25,3.6
QS09,Q,68560,2,26,1
QS09,Q,68560,2,26,3.8
QS09,Q,68560,2,26,1
QS09,Q,68560,2,28,1
QS09,Q,68560,2,31,1.9
QS09,Q,68560,2,31,1
QS09,Q,68560,2,31,1.4
QS09,Q,68560,2,31,1
QS09,Q,68560,2,31,4
QS09,Q,68560,2,32,3.8
QS09,Q,68560,2,35,2.5
QS09,Q,68560,2,36,4.7
QS09,Q,68560,2,36,1
QS09,Q,68560,2,37,1
QS09,Q,68560,2,39,1
QS09,Q,68560,2,41,1.6
QS09,Q,68560,2,41,1.2
QS09,Q,68560,2,41,1
QS09,Q,68560,2,43,6.1
QS09,Q,68560,2,43,1
QS09,Q,68560,2,44,4.3
QS09,Q,68560,2,44,1
QS09,Q,68560,2,45,3.6
QS09,Q,68560,2,46,3.1
QS09,Q,68560,2,46,1.9
QS09,Q,68560,2,47,3.1
QS09,Q,68560,2,48,1
QS09,Q,68560,2,49,1
QS09,Q,68560,2,50,3.1
QS09,Q,68560,2,51,3.8
QS09,Q,68560,2,52,4
QS09,Q,68560,2,52,1
QS09,Q,68560,2,56,7.1
QS09,Q,68560,2,58,3.6
QS09,Q,68560,2,61,2.5
QS09,Q,68560,2,61,3.6
QS09,Q,68560,2,61,1
QS09,Q,68560,2,61,1
QS09,Q,68560,2,62,4.7
QS09,Q,68560,2,62,1.6
QS09,Q,68560,2,62,2
QS09,Q,68560,2,63,1.4
QS09,Q,68560,2,63,2.5
QS09,Q,68560,2,63,1.2
QS09,Q,68560,2,63,2.2
QS09,Q,68560,2,63,1.4
QS09,Q,68560,2,64,2.1
QS09,Q,68560,2,64,3.6
QS09,Q,68560,2,65,3.1
QS09,Q,68560,2,65,2.1
QS09,Q,68560,2,65,1
QS09,Q,68560,2,65,2.5
QS09,Q,68560,2,65,1
QS09,Q,68560,2,66,4.3
QS09,Q,68560,2,66,2.1
QS09,Q,68560,2,67,2.6
QS09,Q,68560,2,69,6.9
QS09,Q,68560,2,69,1
QS09,Q,68560,2,71,6.9
QS09,Q,68560,2,71,1
QS09,Q,68560,2,72,2
QS09,Q,68560,2,72,2.9
QS09,Q,68560,2,72,1
QS09,Q,68560,2,72,1.3
QS09,Q,68560,2,72,1
QS09,Q,68560,2,72,1.6
QS09,Q,68560,2,72,2.1
QS09,Q,68560,2,73,1.2
QS09,Q,68560,2,73,4.7
QS09,Q,68560,2,73,2
QS09,Q,68560,2,73,1.9
QS09,Q,68560,2,73,2.3
QS09,Q,68560,2,74,6.4
QS09,Q,68560,2,74,4
QS09,Q,68560,2,74,4
QS09,Q,68560,2,75,4.7
QS09,Q,68560,2,75,1.6
QS09,Q,68560,2,75,1.4
QS09,Q,68560,2,75,1
QS09,Q,68560,2,75,2
QS09,Q,68560,2,75,2
QS09,Q,68560,2,75,2.3
QS09,Q,68560,2,75,1.6
QS09,Q,68560,2,75,6.4
QS09,Q,68560,2,75,1.6
QS09,Q,68560,2,76,2.1
QS09,Q,68560,2,76,1.5
QS09,Q,68560,2,76,6.4
QS09,Q,68560,2,76,6.9
QS09,Q,68560,2,77,2.6
QS09,Q,68560,2,77,1
QS09,Q,68560,2,77,2.6
QS09,Q,68560,2,77,2.1
QS09,Q,68560,2,77,1.5
QS09,Q,68560,2,77,2.3
QS09,Q,68560,2,78,1.2
QS09,Q,68560,2,79,1.9
QS09,Q,68560,2,79,6.3
QS09,Q,68560,2,79,6.9
QS09,Q,68560,2,79,6.3
QS09,Q,68560,2,79,2.2
QS09,Q,68560,2,79,2.2
QS09,Q,68560,2,80,1.9
QS09,Q,68560,2,80,2.4
QS09,Q,68560,2,80,1.4
QS09,Q,68560,2,81,1
QS09,Q,68560,2,81,2
QS09,Q,68560,2,81,1.4
QS09,Q,68560,2,81,1.9
QS09,Q,68560,2,81,2.3
QS09,Q,68560,2,81,4.7
QS09,Q,68560,2,81,1
QS09,Q,68560,2,81,1.2
QS09,Q,68560,2,81,6.4
QS09,Q,68560,2,81,1.3
QS09,Q,68560,2,82,6.4
QS09,Q,68560,2,82,1.5
QS09,Q,68560,2,82,6.9
QS09,Q,68560,2,82,6.9
QS09,Q,68560,2,82,1
QS09,Q,68560,2,82,2.4
QS09,Q,68560,2,82,4.7
QS09,Q,68560,2,82,3.8
QS09,Q,68560,2,82,1
QS09,Q,68560,2,83,1.5
QS09,Q,68560,2,83,6.4
QS09,Q,68560,2,83,2.9
QS09,Q,68560,2,83,1
QS09,Q,68560,2,83,3.8
QS09,Q,68560,2,83,2
QS09,Q,68560,2,83,6.1
QS09,Q,68560,2,84,2
QS09,Q,68560,2,84,4.7
QS09,Q,68560,2,84,6.4
QS09,Q,68560,2,84,2.1
QS09,Q,68560,2,84,6.3
QS09,Q,68560,2,85,2.4
QS09,Q,68560,2,85,5.1
QS09,Q,68560,2,85,2
QS09,Q,68560,2,85,2.6
QS09,Q,68560,2,85,1.6
QS09,Q,68560,2,85,2
QS09,Q,68560,2,85,6.1
QS09,Q,68560,2,86,5.1
QS09,Q,68560,2,86,5.1
QS09,Q,68560,2,86,2.4
QS09,Q,68560,2,86,2.3
QS09,Q,68560,2,87,1
QS09,Q,68560,2,87,1.4
QS09,Q,68560,2,87,4.7
QS09,Q,68560,2,87,1.9
QS09,Q,68560,2,87,1
QS09,Q,68560,2,87,1.6
QS09,Q,68560,2,87,1.4
QS09,Q,68560,2,87,3.5
QS09,Q,68560,2,87,1.8
QS09,Q,68560,2,87,6.4
QS09,Q,68560,2,87,1
QS09,Q,68560,2,88,2.3
QS09,Q,68560,2,88,1
QS09,Q,68560,2,88,4.7
QS09,Q,68560,2,88,2.1
QS09,Q,68560,2,88,1
QS09,Q,68560,2,89,4
QS09,Q,68560,2,89,1.9
QS09,Q,68560,2,89,6.1
QS09,Q,68560,2,90,6.1
QS09,Q,68560,2,90,2.2
QS09,Q,68560,2,90,2.1
QS09,Q,68560,2,90,4.7
QS09,Q,68560,2,90,2.4
QS09,Q,68560,2,90,2.3
QS09,Q,68560,2,91,1
QS09,Q,68560,2,91,6.1
QS09,Q,68560,2,91,1.4
QS09,Q,68560,2,91,2
QS09,Q,68560,2,91,2
QS09,Q,68560,2,91,2.3
QS09,Q,68560,2,91,1
QS09,Q,68560,2,91,1.8
QS09,Q,68560,2,91,1.6
QS09,Q,68560,2,91,3.5
QS09,Q,68560,2,92,2.9
QS09,Q,68560,2,92,1.6
QS09,Q,68560,2,92,1.6
QS09,Q,68560,2,92,1.8
QS09,Q,68560,2,92,2.1
QS09,Q,68560,2,93,3.6
QS09,Q,68560,2,93,1
QS09,Q,68560,2,93,1.5
QS09,Q,68560,2,93,1.6
QS09,Q,68560,2,93,3.8
QS09,Q,68560,2,93,1
QS09,Q,68560,2,93,1
QS09,Q,68560,2,94,3.8
QS09,Q,68560,2,94,1.4
QS09,Q,68560,2,94,2
QS09,Q,68560,2,94,2.4
QS09,Q,68560,2,94,1
QS09,Q,68560,2,94,3.1
QS09,Q,68560,2,94,1.2
QS09,Q,68560,2,95,3.6
QS09,Q,68560,2,95,4.7
QS09,Q,68560,2,96,3.8
QS09,Q,68560,2,96,5.1
QS09,Q,68560,2,96,2.6
QS09,Q,68560,2,96,2.1
QS09,Q,68560,2,96,1
QS09,Q,68560,2,97,1.4
QS09,Q,68560,2,97,3.8
QS09,Q,68560,2,97,1
QS09,Q,68560,2,97,1
QS09,Q,68560,2,98,2.9
QS09,Q,68560,2,98,1
QS09,Q,68560,2,98,4.7
QS09,Q,68560,2,98,2.2
QS09,Q,68560,2,98,1.6
QS09,Q,68560,2,99,1
QS09,Q,68560,2,99,6.3
QS09,Q,68560,2,99,6.1
QS09,Q,68560,2,99,2.8
QS09,Q,68560,2,99,2.6
QS09,Q,68560,2,100,2
QS09,Q,68560,2,100,1.6
QS09,Q,68560,2,100,2.3
QS09,Q,68560,2,101,2.3
QS09,Q,68560,2,103,2.1
QS09,Q,68560,2,105,2.9
QS09,Q,68560,2,105,6.9
QS09,Q,68560,2,117,1.3
QS09,Q,68560,2,121,1
